#,Name,Type 1,Type 2,Total,HP,Attack,Defense,Sp. Atk,Sp. Def,Speed,Generation,Legendary,cluster,PCA1,PCA2,atk_def_ratio,perfil
1,Bulbasaur,Grass,Poison,318,45,49,49,65,65,45,1,False,0,-1.556374697229056,0.021482117891095828,1.0,Básico
2,Ivysaur,Grass,Poison,405,60,62,63,80,80,60,1,False,1,-0.3628665621273427,0.05026854019480703,0.9841269841269841,Relámpagos Letales
3,Venusaur,Grass,Poison,525,80,82,83,100,100,80,1,False,1,1.280151580176707,0.0627202220304446,0.9879518072289156,Relámpagos Letales
3,VenusaurMega Venusaur,Grass,Poison,625,80,100,123,122,120,80,1,False,2,2.6209164467434256,-0.7042630091942939,0.8130081300813008,Élite Inalcanzable
4,Charmander,Fire,,309,39,52,43,60,50,65,1,False,0,-1.7582837954513517,0.7061789812564453,1.2093023255813953,Básico
5,Charmeleon,Fire,,405,58,64,58,80,65,80,1,False,1,-0.4356330443926052,0.7478233035421468,1.103448275862069,Relámpagos Letales
6,Charizard,Fire,Flying,534,78,84,78,109,85,100,1,False,1,1.3332025171299415,0.8443292913647585,1.0769230769230769,Relámpagos Letales
6,CharizardMega Charizard X,Fire,Dragon,634,78,130,111,130,85,100,1,False,2,2.634872683323041,0.391392196102044,1.1711711711711712,Élite Inalcanzable
6,CharizardMega Charizard Y,Fire,Flying,634,78,104,78,159,115,100,1,False,2,2.7868908670253827,1.0606774871153364,1.3333333333333333,Élite Inalcanzable
7,Squirtle,Water,,314,44,48,65,50,64,43,1,False,0,-1.647367074439164,-0.4759134153873739,0.7384615384615385,Básico
8,Wartortle,Water,,405,59,63,80,65,80,58,1,False,3,-0.3989745239805147,-0.47517169299349926,0.7875,Murallas Eternas
9,Blastoise,Water,,530,79,83,100,85,105,78,1,False,3,1.3246883369765956,-0.5057052060721298,0.83,Murallas Eternas
9,BlastoiseMega Blastoise,Water,,630,79,103,120,135,115,78,1,False,2,2.6892384934820934,-0.5209514464879074,0.8583333333333333,Élite Inalcanzable
10,Caterpie,Bug,,195,45,30,35,20,20,45,1,False,0,-3.3319653949241865,0.2636255445512459,0.8571428571428571,Básico
11,Metapod,Bug,,205,50,20,55,25,25,30,1,False,0,-3.1802574038278157,-0.5017186576462319,0.36363636363636365,Básico
12,Butterfree,Bug,Flying,395,60,45,50,90,80,70,1,False,1,-0.4895144549324697,0.629931485856995,0.9,Relámpagos Letales
13,Weedle,Bug,Poison,195,40,35,30,20,20,50,1,False,0,-3.3412588209599448,0.4980384960621424,1.1666666666666667,Básico
14,Kakuna,Bug,Poison,205,45,25,50,25,25,35,1,False,0,-3.189550829863574,-0.26730570613533533,0.5,Básico
15,Beedrill,Bug,Poison,395,65,90,40,45,80,75,1,False,1,-0.49180205994704357,0.5262946437872104,2.25,Relámpagos Letales
15,BeedrillMega Beedrill,Bug,Poison,495,65,150,40,15,80,145,1,False,1,0.7098141274147844,1.8791677360821943,3.75,Relámpagos Letales
16,Pidgey,Normal,Flying,251,40,45,40,35,35,56,1,False,0,-2.5681910557688816,0.44915255124907816,1.125,Básico
17,Pidgeotto,Normal,Flying,349,63,60,55,50,50,71,1,False,0,-1.213699980148795,0.43189606071745795,1.0909090909090908,Básico
18,Pidgeot,Normal,Flying,479,83,80,75,70,70,101,1,False,1,0.5448187989839037,0.6745164734567971,1.0666666666666667,Relámpagos Letales
18,PidgeotMega Pidgeot,Normal,Flying,579,83,80,80,135,80,121,1,False,2,1.904151041275378,1.5550586180523995,1.0,Élite Inalcanzable
19,Rattata,Normal,,253,30,56,35,25,35,72,1,False,0,-2.585372769120026,0.8621667654704696,1.6,Básico
20,Raticate,Normal,,413,55,81,60,50,70,97,1,False,1,-0.37031065393384216,0.7917609779364804,1.35,Relámpagos Letales
21,Spearow,Normal,Flying,262,40,60,30,31,31,70,1,False,0,-2.4405193509893013,0.9756553180112578,2.0,Básico
22,Fearow,Normal,Flying,442,65,90,65,61,61,100,1,False,1,0.005975864714817505,0.9100710692515751,1.3846153846153846,Relámpagos Letales
23,Ekans,Poison,,288,35,60,44,40,54,55,1,False,0,-2.029970872411619,0.25087201240336543,1.3636363636363635,Básico
24,Arbok,Poison,,438,60,85,69,65,79,80,1,False,1,0.023801805468443397,0.2664366146979123,1.2318840579710144,Relámpagos Letales
25,Pikachu,Electric,,320,35,55,40,50,50,90,1,False,0,-1.6648340161262822,1.2631286933208103,1.375,Básico
26,Raichu,Electric,,485,60,90,55,90,80,110,1,False,1,0.640225607904908,1.4661273524601848,1.6363636363636365,Relámpagos Letales
27,Sandshrew,Ground,,300,50,75,85,20,30,40,1,False,0,-1.9590550597019023,-0.9464845357861875,0.8823529411764706,Básico
28,Sandslash,Ground,,450,75,100,110,45,55,65,1,False,3,0.0947176181781599,-0.9309199334916405,0.9090909090909091,Murallas Eternas
29,Nidoran♀,Poison,,275,55,47,52,40,40,41,1,False,0,-2.1945743756551144,-0.18364703031933358,0.9038461538461539,Básico
30,Nidorina,Poison,,365,70,62,67,55,55,56,1,False,0,-0.9623107689270771,-0.17430826894260532,0.9253731343283582,Básico
31,Nidoqueen,Poison,Ground,505,90,92,87,75,85,76,1,False,3,0.9774139985091401,-0.24418147761456155,1.0574712643678161,Murallas Eternas
32,Nidoran♂,Poison,,273,46,57,40,40,40,50,1,False,0,-2.2327769259202195,0.2991911147058887,1.425,Básico
33,Nidorino,Poison,,365,61,72,57,55,55,65,1,False,0,-0.9771692510699522,0.26817635450027405,1.263157894736842,Básico
34,Nidoking,Poison,Ground,505,81,102,77,85,75,85,1,False,1,0.9410632115251403,0.3776672089757141,1.3246753246753247,Relámpagos Letales
35,Clefairy,Fairy,,323,70,45,48,60,65,35,1,False,0,-1.4256519691940828,-0.31977505082283025,0.9375,Básico
36,Clefable,Fairy,,483,95,70,73,95,90,60,1,False,3,0.7679178411509764,-0.21081677520942313,0.958904109589041,Murallas Eternas
37,Vulpix,Fire,,299,38,41,40,50,65,65,1,False,0,-1.855400214360668,0.5436743628038022,1.025,Básico
38,Ninetales,Fire,,505,73,76,75,81,100,100,1,False,1,0.9639626816854202,0.528107336688624,1.0133333333333334,Relámpagos Letales
39,Jigglypuff,Normal,Fairy,270,115,45,20,45,25,20,1,False,0,-2.0930438135524807,-0.04588608767419077,2.25,Básico
40,Wigglytuff,Normal,Fairy,435,140,70,45,85,50,45,1,False,3,0.1704245630250769,0.1097690245986465,1.5555555555555556,Murallas Eternas
41,Zubat,Poison,Flying,245,40,45,35,30,40,55,1,False,0,-2.627355137336759,0.4373374505408668,1.2857142857142858,Básico
42,Golbat,Poison,Flying,455,75,80,70,65,75,90,1,False,1,0.247926611695328,0.45912789375323254,1.1428571428571428,Relámpagos Letales
43,Oddish,Grass,Poison,320,45,50,55,75,65,30,1,False,0,-1.5062545968577379,-0.35107331996053026,0.9090909090909091,Básico
44,Gloom,Grass,Poison,395,60,65,70,85,75,40,1,False,3,-0.48228459342958424,-0.4605305657808151,0.9285714285714286,Murallas Eternas
45,Vileplume,Grass,Poison,490,75,80,85,110,90,50,1,False,3,0.8320258273491254,-0.4728824965370774,0.9411764705882353,Murallas Eternas
46,Paras,Bug,Grass,285,35,70,55,45,55,25,1,False,0,-2.0266357104361443,-0.619833252013106,1.2727272727272727,Básico
47,Parasect,Bug,Grass,405,60,95,80,60,80,30,1,False,3,-0.34366143867837684,-1.1579997848448225,1.1875,Murallas Eternas
48,Venonat,Bug,Poison,305,60,55,50,40,55,45,1,False,0,-1.7450581147683348,-0.19388723410427816,1.1,Básico
49,Venomoth,Bug,Poison,450,70,65,60,90,75,90,1,False,1,0.20118115245007073,0.9055334684234014,1.0833333333333333,Relámpagos Letales
50,Diglett,Ground,,265,10,55,25,35,45,95,1,False,0,-2.4544654662668925,1.6668693177897984,2.2,Básico
51,Dugtrio,Ground,,405,35,80,50,50,70,120,1,False,1,-0.5404899208518271,1.589040246765485,1.6,Relámpagos Letales
52,Meowth,Normal,,290,40,45,35,40,40,90,1,False,0,-2.083305775971491,1.3363216820226829,1.2857142857142858,Básico
53,Persian,Normal,,440,65,70,60,65,65,115,1,False,1,-0.029533098091428584,1.35188628431723,1.1666666666666667,Relámpagos Letales
54,Psyduck,Water,,320,50,52,48,65,50,55,1,False,0,-1.5774629260153596,0.3852548116823379,1.0833333333333333,Básico
55,Golduck,Water,,500,80,82,78,95,80,85,1,False,1,0.8870642874407149,0.4039323344357942,1.0512820512820513,Relámpagos Letales
56,Mankey,Fighting,,305,40,80,35,35,45,70,1,False,0,-1.8296007398170655,0.7990614362648791,2.2857142857142856,Básico
57,Primeape,Fighting,,455,65,105,60,60,70,95,1,False,1,0.22417193806299687,0.814626038559426,1.75,Relámpagos Letales
58,Growlithe,Fire,,350,55,70,45,70,50,60,1,False,0,-1.164687037407468,0.5975061625021111,1.5555555555555556,Básico
59,Arcanine,Fire,,555,90,110,80,100,80,95,1,False,2,1.6277600206520826,0.6174077136297857,1.375,Élite Inalcanzable
60,Poliwag,Water,,300,40,50,40,40,40,90,1,False,0,-1.957237011752893,1.237260627727297,1.25,Básico
61,Poliwhirl,Water,,385,65,65,65,50,50,90,1,False,1,-0.7792629684271768,0.6626229782061613,1.0,Relámpagos Letales
62,Poliwrath,Water,Fighting,510,90,95,95,70,90,70,1,False,3,1.0528611976692468,-0.6322851842635691,1.0,Murallas Eternas
63,Abra,Psychic,,310,25,20,15,105,55,90,1,False,0,-1.7338504139498356,2.2587125387016957,1.3333333333333333,Básico
64,Kadabra,Psychic,,400,40,35,30,120,70,105,1,False,1,-0.5015868072217979,2.268051300078424,1.1666666666666667,Relámpagos Letales
65,Alakazam,Psychic,,500,55,50,45,135,95,120,1,False,1,0.891966236812361,2.1914196716266163,1.1111111111111112,Relámpagos Letales
65,AlakazamMega Alakazam,Psychic,,590,55,50,65,175,95,150,1,False,1,2.031097358380595,2.851965341789735,0.7692307692307693,Relámpagos Letales
66,Machop,Fighting,,305,70,80,50,35,35,35,1,False,0,-1.761708886761549,-0.3229423385934181,1.6,Básico
67,Machoke,Fighting,,405,80,100,70,50,60,45,1,False,3,-0.37622956498064736,-0.5970973543497448,1.4285714285714286,Murallas Eternas
68,Machamp,Fighting,,505,90,130,80,65,85,55,1,False,3,1.0279466040151504,-0.6658392628734155,1.625,Murallas Eternas
69,Bellsprout,Grass,Poison,300,50,75,35,70,30,40,1,False,0,-1.843671100432667,0.5293218703666823,2.142857142857143,Básico
70,Weepinbell,Grass,Poison,390,65,90,50,85,45,55,1,False,0,-0.6114074937046294,0.5386606317434105,1.8,Básico
71,Victreebel,Grass,Poison,490,80,105,65,100,70,70,1,False,1,0.7821455503295294,0.4620290032916027,1.6153846153846154,Relámpagos Letales
72,Tentacool,Water,Poison,335,40,40,35,50,100,70,1,False,0,-1.2744818872400852,0.45173280490245266,1.1428571428571428,Básico
73,Tentacruel,Water,Poison,515,80,70,65,80,120,100,1,False,1,1.1815402250249292,0.5231366525990092,1.0769230769230769,Relámpagos Letales
74,Geodude,Rock,Ground,300,40,80,100,30,30,20,1,False,0,-1.9602544321795172,-1.5810129215963944,0.8,Básico
75,Graveler,Rock,Ground,390,55,95,115,45,45,35,1,False,3,-0.7279908254514798,-1.5716741602196662,0.8260869565217391,Murallas Eternas
76,Golem,Rock,Ground,495,80,120,130,55,65,45,1,False,3,0.7454701392239029,-1.7967003614329804,0.9230769230769231,Murallas Eternas
77,Ponyta,Fire,,410,50,85,55,65,65,90,1,False,1,-0.40269558290214913,0.9326826073233991,1.5454545454545454,Relámpagos Letales
78,Rapidash,Fire,,500,65,100,70,80,80,105,1,False,1,0.829568023825888,0.9420213687001273,1.4285714285714286,Relámpagos Letales
79,Slowpoke,Water,Psychic,315,90,65,65,40,40,15,1,False,0,-1.5646434741255086,-1.1541759492755141,1.0,Básico
80,Slowbro,Water,Psychic,490,95,75,110,100,80,30,1,False,3,0.8295989137656837,-1.5133731410454314,0.6818181818181818,Murallas Eternas
80,SlowbroMega Slowbro,Water,Psychic,590,95,75,180,130,80,30,1,False,3,2.066032695438724,-2.645565376470847,0.4166666666666667,Murallas Eternas
81,Magnemite,Electric,Steel,325,25,35,70,95,55,45,1,False,0,-1.5483127570433597,0.02530598178316606,0.5,Básico
82,Magneton,Electric,Steel,465,50,60,95,120,70,70,1,False,1,0.34417048353058116,0.12684097390624902,0.631578947368421,Relámpagos Letales
83,Farfetch'd,Normal,Flying,352,52,65,55,58,62,60,1,False,0,-1.1357198257345102,0.18865214861868132,1.1818181818181819,Básico
84,Doduo,Normal,Flying,310,35,85,45,35,35,75,1,False,0,-1.8251030922422204,0.816793365736741,1.8888888888888888,Básico
85,Dodrio,Normal,Flying,460,60,110,70,60,60,100,1,False,1,0.22866958563784176,0.832357968031288,1.5714285714285714,Relámpagos Letales
86,Seel,Water,,325,65,45,55,45,70,45,1,False,0,-1.4338902420395945,-0.39729731790716893,0.8181818181818182,Básico
87,Dewgong,Water,Ice,475,90,70,80,70,95,70,1,False,3,0.6198824358404679,-0.381732715612622,0.875,Murallas Eternas
88,Grimer,Poison,,325,80,80,50,40,50,25,1,False,0,-1.4125924652834556,-0.6686138824659293,1.6,Básico
89,Muk,Poison,,500,105,105,75,65,100,50,1,False,3,1.0444038058619107,-0.8679752547427223,1.4,Murallas Eternas
90,Shellder,Water,,305,30,65,100,45,25,40,1,False,0,-1.956112296331915,-0.9098239389924104,0.65,Básico
91,Cloyster,Water,Ice,525,50,95,180,85,45,70,1,False,3,0.9177399792237226,-1.687376327764691,0.5277777777777778,Murallas Eternas
92,Gastly,Ghost,Poison,310,30,35,30,100,35,80,1,False,0,-1.7872300309099014,1.8399825554667613,1.1666666666666667,Básico
93,Haunter,Ghost,Poison,405,45,50,45,115,55,95,1,False,1,-0.4743217055288033,1.8063361219292213,1.1111111111111112,Relámpagos Letales
94,Gengar,Ghost,Poison,500,60,65,60,130,75,110,1,False,1,0.8385866198522948,1.7726896883916814,1.0833333333333333,Relámpagos Letales
94,GengarMega Gengar,Ghost,Poison,600,60,65,80,170,95,130,1,False,2,2.1847959792041234,2.0311258479940264,0.8125,Élite Inalcanzable
95,Onix,Rock,Ground,385,35,45,160,30,45,70,1,False,3,-0.9908473738588826,-1.7658677144715522,0.28125,Murallas Eternas
96,Drowzee,Psychic,,328,60,48,45,43,90,42,1,False,0,-1.326408337289812,-0.4374841613484094,1.0666666666666667,Básico
97,Hypno,Psychic,,483,85,73,70,73,115,67,1,False,3,0.7972629068227486,-0.3752227223944323,1.042857142857143,Murallas Eternas
98,Krabby,Water,,325,30,105,90,25,25,50,1,False,0,-1.6952575137402257,-0.6500929495309469,1.1666666666666667,Básico
99,Kingler,Water,,475,55,130,115,50,50,75,1,False,3,0.35851516413983636,-0.6345283472364,1.1304347826086956,Murallas Eternas
100,Voltorb,Electric,,330,40,30,50,55,55,100,1,False,0,-1.5442205553085082,1.2695056773128872,0.6,Básico
101,Electrode,Electric,,480,60,50,70,80,80,140,1,False,1,0.4803421455383987,1.74600646270109,0.7142857142857143,Relámpagos Letales
102,Exeggcute,Grass,Psychic,325,60,40,80,60,45,40,1,False,0,-1.5374683654644066,-0.6469849358064269,0.5,Básico
103,Exeggutor,Grass,Psychic,520,95,95,85,125,65,55,1,False,3,1.2049427051648334,-0.06380152732505404,1.1176470588235294,Murallas Eternas
104,Cubone,Ground,,320,50,50,95,40,50,35,1,False,0,-1.6364548675279549,-1.2576036904714591,0.5263157894736842,Básico
105,Marowak,Ground,,425,60,80,110,50,80,45,1,False,3,-0.16317237580601984,-1.5169114345246848,0.7272727272727273,Murallas Eternas
106,Hitmonlee,Fighting,,455,50,120,53,35,110,87,1,False,1,0.31968138580074335,0.24969698307293609,2.2641509433962264,Relámpagos Letales
107,Hitmonchan,Fighting,,455,50,105,79,35,110,76,1,False,3,0.2929777891391502,-0.5335526504730046,1.3291139240506329,Murallas Eternas
108,Lickitung,Normal,,385,90,55,75,60,75,30,1,False,3,-0.5659820705960119,-1.1284449779147732,0.7333333333333333,Murallas Eternas
109,Koffing,Poison,,340,40,65,95,60,45,35,1,False,0,-1.3871638756270144,-0.9891188350526217,0.6842105263157895,Básico
110,Weezing,Poison,,490,65,90,120,85,70,60,1,False,3,0.6666088022530479,-0.9735542327580747,0.75,Murallas Eternas
111,Rhyhorn,Ground,Rock,345,80,85,95,30,30,25,1,False,0,-1.2820183456974985,-1.4961982620699579,0.8947368421052632,Básico
112,Rhydon,Ground,Rock,485,105,130,120,45,45,40,1,False,3,0.6260015012348882,-1.7109346755275525,1.0833333333333333,Murallas Eternas
113,Chansey,Normal,,450,250,5,5,35,105,50,1,False,3,0.7498157382498638,-0.29726214827981284,1.0,Murallas Eternas
114,Tangela,Grass,,435,65,55,115,100,40,60,1,False,3,-0.13988413866455737,-0.4874279969616169,0.4782608695652174,Murallas Eternas
115,Kangaskhan,Normal,,490,105,95,80,40,80,90,1,False,3,0.7572776298813,-0.11337303804479337,1.1875,Murallas Eternas
115,KangaskhanMega Kangaskhan,Normal,,590,105,125,100,60,100,100,1,False,2,2.1146436509526234,-0.26095645802104406,1.25,Élite Inalcanzable
116,Horsea,Water,,295,30,40,70,70,25,60,1,False,0,-2.0643221829106895,0.3801867815449293,0.5714285714285714,Básico
117,Seadra,Water,,440,55,65,95,95,45,85,1,False,1,-0.09119422368368788,0.4387365787537442,0.6842105263157895,Relámpagos Letales
118,Goldeen,Water,,320,45,67,60,35,50,63,1,False,0,-1.6376557915325132,0.06917792837879287,1.1166666666666667,Básico
119,Seaking,Water,,450,80,92,65,65,80,68,1,False,1,0.25500255246857206,-0.00159213845090944,1.4153846153846155,Relámpagos Letales
120,Staryu,Water,,340,30,45,55,70,55,85,1,False,0,-1.399074195924404,1.002171600846617,0.8181818181818182,Básico
121,Starmie,Water,Psychic,520,60,75,85,100,85,115,1,False,1,1.0654530175316705,1.0208491236000734,0.8823529411764706,Relámpagos Letales
122,Mr. Mime,Psychic,Fairy,460,40,45,65,100,120,90,1,False,1,0.3959535391009131,0.603617779572415,0.6923076923076923,Relámpagos Letales
123,Scyther,Bug,Flying,500,70,110,80,55,80,105,1,False,1,0.8086048891581223,0.49379304436948734,1.375,Relámpagos Letales
124,Jynx,Ice,Psychic,455,65,50,35,115,95,95,1,False,1,0.35968437531465625,1.5977340407559197,1.4285714285714286,Relámpagos Letales
125,Electabuzz,Electric,,490,65,83,57,95,85,105,1,False,1,0.7379627790776713,1.295227225203776,1.456140350877193,Relámpagos Letales
126,Magmar,Fire,,495,65,95,57,100,85,93,1,False,1,0.8317612065070462,1.0700961839638947,1.6666666666666667,Relámpagos Letales
127,Pinsir,Bug,,500,65,125,100,55,70,85,1,False,3,0.7764884730985409,-0.2620189620086763,1.25,Murallas Eternas
127,PinsirMega Pinsir,Bug,Flying,600,65,155,120,65,90,105,1,False,2,2.109557998533516,-0.2728273244000857,1.2916666666666667,Élite Inalcanzable
128,Tauros,Normal,,490,75,100,95,40,70,110,1,False,1,0.6114255627170394,0.23183834604035328,1.0526315789473684,Relámpagos Letales
129,Magikarp,Water,,200,20,10,55,15,20,80,1,False,0,-3.4169662669738594,0.6948032138030485,0.18181818181818182,Básico
130,Gyarados,Water,Flying,540,95,125,79,60,100,81,1,False,3,1.4972953895797143,-0.2413210052380429,1.5822784810126582,Murallas Eternas
130,GyaradosMega Gyarados,Water,Dark,640,95,155,109,70,130,81,1,False,2,2.877373419274663,-1.0002048271771051,1.4220183486238531,Élite Inalcanzable
131,Lapras,Water,Ice,535,130,85,80,85,95,60,1,False,3,1.5283406239086295,-0.5993189470983624,1.0625,Murallas Eternas
132,Ditto,Normal,,288,48,48,48,48,48,48,1,False,0,-2.012950126800564,0.08775214662210168,1.0,Básico
133,Eevee,Normal,,325,55,55,50,45,65,55,1,False,0,-1.4747616424585965,0.013629976073035314,1.1,Básico
134,Vaporeon,Water,,525,130,65,60,110,95,65,1,False,2,1.4313087166110545,0.14549381883218232,1.0833333333333333,Élite Inalcanzable
135,Jolteon,Electric,,525,65,65,60,110,95,130,1,False,1,1.1889646712493729,1.8576769914615745,1.0833333333333333,Relámpagos Letales
136,Flareon,Fire,,525,65,130,60,95,110,65,1,False,2,1.3506607099941401,0.11622989145254332,2.1666666666666665,Élite Inalcanzable
137,Porygon,Normal,,395,65,60,70,85,75,40,1,False,3,-0.4736010192850765,-0.478975347884004,0.8571428571428571,Murallas Eternas
138,Omanyte,Rock,Water,355,35,40,100,90,55,35,1,False,0,-1.163058008242973,-0.8882837247400714,0.4,Básico
139,Omastar,Rock,Water,495,70,60,125,115,70,55,1,False,3,0.756750656118682,-0.9368999126147459,0.48,Murallas Eternas
140,Kabuto,Rock,Water,355,30,80,90,55,45,55,1,False,0,-1.2340798928837824,-0.43588209208194273,0.8888888888888888,Básico
141,Kabutops,Rock,Water,495,60,115,105,65,70,80,1,False,3,0.7050861015712113,-0.3716169249757481,1.0952380952380953,Murallas Eternas
142,Aerodactyl,Rock,Flying,515,80,105,65,60,75,130,1,False,1,0.9966055600944963,1.4264815005241036,1.6153846153846154,Relámpagos Letales
142,AerodactylMega Aerodactyl,Rock,Flying,615,80,135,85,70,95,150,1,False,2,2.329675085529472,1.4156731381326944,1.588235294117647,Élite Inalcanzable
143,Snorlax,Normal,,540,160,110,65,65,110,30,1,False,3,1.765994071445446,-1.3935351056763725,1.6923076923076923,Murallas Eternas
144,Articuno,Ice,Flying,580,90,85,100,95,125,85,1,True,2,2.063060997125667,-0.45897357228754093,0.85,Élite Inalcanzable
145,Zapdos,Electric,Flying,580,90,90,85,125,90,100,1,True,2,1.983818402188504,0.7718310699525099,1.0588235294117647,Élite Inalcanzable
146,Moltres,Fire,Flying,580,90,100,90,125,85,90,1,True,2,1.981450404838415,0.4874092293281618,1.1111111111111112,Élite Inalcanzable
147,Dratini,Dragon,,300,41,64,45,50,50,50,1,False,0,-1.8549303224228246,0.22490447620773338,1.4222222222222223,Básico
148,Dragonair,Dragon,,420,61,84,65,70,70,70,1,False,1,-0.21191218011877486,0.23735615804337093,1.2923076923076924,Relámpagos Letales
149,Dragonite,Dragon,Flying,600,91,134,95,100,100,80,1,False,2,2.2924481353320934,-0.19701278236869169,1.4105263157894736,Élite Inalcanzable
150,Mewtwo,Psychic,,680,106,110,90,154,90,130,1,True,2,3.309381480564707,1.5863956061576405,1.2222222222222223,Élite Inalcanzable
150,MewtwoMega Mewtwo X,Psychic,Fighting,780,106,190,100,154,100,130,1,True,2,4.670728761090347,1.3278216029849281,1.9,Élite Inalcanzable
150,MewtwoMega Mewtwo Y,Psychic,,780,106,150,70,194,120,140,1,True,2,4.7761670292535925,2.3503450739583713,2.142857142857143,Élite Inalcanzable
151,Mew,Psychic,,600,100,100,100,100,100,100,1,False,2,2.258897043189965,0.12012651939475934,1.0,Élite Inalcanzable
152,Chikorita,Grass,,318,45,49,65,49,65,45,2,False,0,-1.5932975641952114,-0.45077593207782246,0.7538461538461538,Básico
153,Bayleef,Grass,,405,60,62,80,63,80,60,2,False,3,-0.4020971082788827,-0.4515056378971688,0.775,Murallas Eternas
154,Meganium,Grass,,525,80,82,100,83,100,80,2,False,3,1.2409210340251668,-0.43905395606153125,0.82,Murallas Eternas
155,Cyndaquil,Fire,,309,39,52,43,60,50,65,2,False,0,-1.7582837954513517,0.7061789812564453,1.2093023255813953,Básico
156,Quilava,Fire,,405,58,64,58,80,65,80,2,False,1,-0.4356330443926052,0.7478233035421468,1.103448275862069,Relámpagos Letales
157,Typhlosion,Fire,,534,78,84,78,109,85,100,2,False,1,1.3332025171299415,0.8443292913647585,1.0769230769230769,Relámpagos Letales
158,Totodile,Water,,314,50,65,64,44,48,43,2,False,0,-1.6791006666957566,-0.3879693249475206,1.015625,Básico
159,Croconaw,Water,,405,65,80,80,59,63,58,2,False,3,-0.43516502590660444,-0.3988073243619638,1.0,Murallas Eternas
160,Feraligatr,Water,,530,85,105,100,79,83,78,2,False,3,1.2755617103104682,-0.38453289286585507,1.05,Murallas Eternas
161,Sentret,Normal,,215,35,46,34,35,45,20,2,False,0,-2.955586564687512,-0.32737812271094346,1.3529411764705883,Básico
162,Furret,Normal,,415,85,76,64,45,55,90,2,False,1,-0.3256612712289557,0.5306396269057998,1.1875,Relámpagos Letales
163,Hoothoot,Normal,Flying,262,60,30,30,36,56,50,2,False,0,-2.2990813563968118,0.26966409055824697,1.0,Básico
164,Noctowl,Normal,Flying,442,100,50,50,76,96,70,2,False,1,0.2516785976795982,0.2304742096036618,1.0,Relámpagos Letales
165,Ledyba,Bug,Flying,265,40,20,30,40,80,55,2,False,0,-2.2393033955179655,0.2786196201990844,0.6666666666666666,Básico
166,Ledian,Bug,Flying,390,55,35,50,55,110,85,2,False,1,-0.5334945072821976,0.403372089232704,0.7,Relámpagos Letales
167,Spinarak,Bug,Poison,250,40,60,40,40,40,30,2,False,0,-2.5148236448987404,-0.14010625837397064,1.5,Básico
168,Ariados,Bug,Poison,390,70,90,70,60,60,40,2,False,3,-0.5823842748710825,-0.5891894809182419,1.2857142857142858,Murallas Eternas
169,Crobat,Poison,Flying,535,85,90,80,70,80,130,2,False,1,1.2653943084477404,1.1521482856369942,1.125,Relámpagos Letales
170,Chinchou,Water,Electric,330,75,38,38,56,56,67,2,False,0,-1.3922494819357656,0.6393744955314896,1.0,Básico
171,Lanturn,Water,Electric,460,125,58,58,76,76,67,2,False,3,0.47812039505617093,0.09175652090341713,1.0,Murallas Eternas
172,Pichu,Electric,,205,20,40,15,35,35,60,2,False,0,-3.1870689187084422,1.1103044435002436,2.6666666666666665,Básico
173,Cleffa,Fairy,,218,50,25,28,45,55,15,2,False,0,-2.837482107959512,-0.37150028582757383,0.8928571428571429,Básico
174,Igglybuff,Normal,Fairy,210,90,30,15,40,20,15,2,False,0,-2.9447842091846623,0.013843622316828744,2.0,Básico
175,Togepi,Fairy,,245,35,20,65,40,65,20,2,False,0,-2.5533607562959255,-1.0875799484693476,0.3076923076923077,Básico
176,Togetic,Fairy,Flying,405,55,40,85,80,105,40,2,False,3,-0.30816947444963894,-1.0602816996530615,0.47058823529411764,Murallas Eternas
177,Natu,Psychic,Flying,320,40,50,45,70,45,70,2,False,0,-1.6298419990565642,0.9132351870063498,1.1111111111111112,Básico
178,Xatu,Psychic,Flying,470,65,75,70,95,70,95,2,False,1,0.42393067882349794,0.9287997893008966,1.0714285714285714,Relámpagos Letales
179,Mareep,Electric,,280,55,40,40,65,45,35,2,False,0,-2.068593648148363,0.10831999949072511,1.0,Básico
180,Flaaffy,Electric,,365,70,55,55,80,60,45,2,False,0,-0.8940803598346497,0.0025743954156024996,1.0,Básico
181,Ampharos,Electric,,510,90,75,85,115,90,55,2,False,3,1.1211426222555176,-0.36279014141442095,0.8823529411764706,Murallas Eternas
181,AmpharosMega Ampharos,Electric,Dragon,610,90,95,105,165,110,45,2,False,2,2.531481579238488,-0.6941755025624363,0.9047619047619048,Élite Inalcanzable
182,Bellossom,Grass,,490,75,80,95,90,100,50,2,False,3,0.830441340336403,-0.9474078409150478,0.8421052631578947,Murallas Eternas
183,Marill,Water,Fairy,250,70,20,50,20,50,40,2,False,0,-2.4842232380418134,-0.4987770637883149,0.4,Básico
184,Azumarill,Water,Fairy,420,100,50,80,60,80,50,2,False,3,-0.11090016577803984,-0.8470433295234016,0.625,Murallas Eternas
185,Sudowoodo,Rock,,410,70,100,115,30,65,30,2,False,3,-0.3759728698654411,-2.0468331629745617,0.8695652173913043,Murallas Eternas
186,Politoed,Water,,500,90,75,75,90,100,70,2,False,3,0.9894698430309705,-0.13522401027284148,1.0,Murallas Eternas
187,Hoppip,Grass,Flying,250,35,35,40,35,55,50,2,False,0,-2.5267219191374046,0.1520870661715608,0.875,Básico
188,Skiploom,Grass,Flying,340,55,45,50,45,65,80,2,False,0,-1.32142723821302,0.5854063040113473,0.9,Básico
189,Jumpluff,Grass,Flying,460,75,55,70,55,95,110,2,False,1,0.3231666579347572,0.645017154282348,0.7857142857142857,Relámpagos Letales
190,Aipom,Normal,,360,55,70,55,40,55,85,2,False,0,-1.0979617834666258,0.6479941669788026,1.2727272727272727,Básico
191,Sunkern,Grass,,180,30,30,30,30,30,30,2,False,0,-3.491666454874209,0.07654563297002788,1.0,Básico
192,Sunflora,Grass,,425,75,75,55,105,85,30,2,False,3,0.03261165305979576,-0.33345152601497274,1.3636363636363635,Murallas Eternas
193,Yanma,Bug,Flying,390,65,65,45,75,45,95,2,False,1,-0.6861052187257205,1.4577119376928585,1.4444444444444444,Relámpagos Letales
194,Wooper,Water,Ground,210,55,45,45,25,25,15,2,False,0,-3.0552935620592936,-0.6527124302304331,1.0,Básico
195,Quagsire,Water,Ground,430,95,85,85,65,65,35,2,False,3,-0.000258551108492011,-1.0881465283665612,1.0,Murallas Eternas
196,Espeon,Psychic,,525,65,65,60,130,95,110,2,False,1,1.2375576625220686,1.5841268762918916,1.0833333333333333,Relámpagos Letales
197,Umbreon,Dark,,525,95,65,110,60,130,65,2,False,3,1.3456926115105292,-1.5148547246215391,0.5909090909090909,Murallas Eternas
198,Murkrow,Dark,Flying,405,60,85,42,85,42,91,2,False,1,-0.4814690667728034,1.569272549056915,2.0238095238095237,Relámpagos Letales
199,Slowking,Water,Psychic,490,95,75,80,100,110,30,2,False,3,0.963306203850599,-1.1659814867958984,0.9375,Murallas Eternas
200,Misdreavus,Ghost,,435,60,60,60,85,85,85,2,False,1,0.014328775081284885,0.6892031917085489,1.0,Relámpagos Letales
201,Unown,Psychic,,336,48,72,48,72,48,48,2,False,0,-1.3524357581020607,0.3206461609576275,1.5,Básico
202,Wobbuffet,Psychic,,405,190,33,58,33,58,33,2,False,3,-0.15147521172895617,-1.1628634278065895,0.5689655172413793,Murallas Eternas
203,Girafarig,Normal,Psychic,455,70,80,65,90,65,85,2,False,1,0.24362734877426856,0.781003937825643,1.2307692307692308,Relámpagos Letales
204,Pineco,Bug,,290,50,65,90,35,35,15,2,False,0,-2.0345232519434395,-1.5293303512582184,0.7222222222222222,Básico
205,Forretress,Bug,Steel,465,75,90,140,60,60,40,2,False,3,0.31105027746449715,-2.0181847687429557,0.6428571428571429,Murallas Eternas
206,Dunsparce,Normal,,415,100,70,70,65,65,45,2,False,3,-0.18657203887810603,-0.5774166670194201,1.0,Murallas Eternas
207,Gligar,Ground,Flying,430,65,75,105,35,65,85,2,False,3,-0.20247627930916898,-0.5249324142926967,0.7142857142857143,Murallas Eternas
208,Steelix,Steel,Ground,510,75,85,200,55,65,30,2,False,3,0.8389092428102866,-3.550463928351109,0.425,Murallas Eternas
208,SteelixMega Steelix,Steel,Ground,610,75,125,230,55,95,30,2,False,3,2.2146073278662843,-4.39909592428809,0.5434782608695652,Murallas Eternas
209,Snubbull,Fairy,,300,60,80,50,40,40,30,2,False,0,-1.8217002564053755,-0.4010709974146711,1.6,Básico
210,Granbull,Fairy,,450,90,120,75,60,60,45,2,False,3,0.24554644955707802,-0.6305405512302925,1.6,Murallas Eternas
211,Qwilfish,Water,Poison,430,65,95,75,55,55,85,2,False,1,-0.16349809786665423,0.3604191445505855,1.2666666666666666,Relámpagos Letales
212,Scizor,Bug,Steel,500,70,130,100,55,80,65,2,False,3,0.8508773987179182,-0.8231260964268624,1.3,Murallas Eternas
212,ScizorMega Scizor,Bug,Steel,600,70,150,140,65,100,75,2,False,3,2.1664697807204982,-1.4712839048663429,1.0714285714285714,Murallas Eternas
213,Shuckle,Bug,Rock,505,20,10,230,10,230,5,2,False,3,1.0765645347024502,-6.41447042948839,0.043478260869565216,Murallas Eternas
214,Heracross,Bug,Fighting,500,80,125,75,40,95,85,2,False,3,0.907392020311067,-0.16248252410717587,1.6666666666666667,Murallas Eternas
214,HeracrossMega Heracross,Bug,Fighting,600,80,185,115,40,105,75,2,False,3,2.2325653101894147,-1.2638190805606149,1.608695652173913,Murallas Eternas
215,Sneasel,Dark,Ice,430,55,95,55,35,75,115,2,False,1,-0.16023659503581922,1.128976491675761,1.7272727272727273,Relámpagos Letales
216,Teddiursa,Normal,,330,60,80,50,50,50,40,2,False,0,-1.4051130498056081,-0.1634789830206453,1.6,Básico
217,Ursaring,Normal,,500,90,130,75,75,75,55,2,False,3,0.9480941288684507,-0.38559139577016227,1.7333333333333334,Murallas Eternas
218,Slugma,Fire,,250,40,40,40,70,40,20,2,False,0,-2.481767259984491,-0.09738496796297579,1.0,Básico
219,Magcargo,Fire,Rock,410,50,50,120,80,80,30,2,False,3,-0.3593474926360522,-1.761443551912761,0.4166666666666667,Murallas Eternas
220,Swinub,Ice,Ground,250,50,50,40,30,30,50,2,False,0,-2.5675417927235458,0.2759183557367308,1.25,Básico
221,Piloswine,Ice,Ground,450,100,100,80,60,60,50,2,False,3,0.24360689873994687,-0.6568750532616185,1.25,Murallas Eternas
222,Corsola,Water,Rock,380,55,55,85,65,85,35,2,False,3,-0.6950685844346329,-1.1380475464447175,0.6470588235294118,Murallas Eternas
223,Remoraid,Water,,300,35,65,35,65,35,65,2,False,0,-1.9087670479391206,1.0612822640594497,1.8571428571428572,Básico
224,Octillery,Water,,480,75,105,75,105,75,45,2,False,3,0.6842654156970853,-0.2948267576914852,1.4,Murallas Eternas
225,Delibird,Ice,Flying,330,45,55,45,65,45,75,2,False,0,-1.4978894849041844,0.9668234330165236,1.2222222222222223,Básico
226,Mantine,Water,Flying,465,65,40,70,80,140,70,2,False,3,0.5805492918060705,-0.4012645243596978,0.5714285714285714,Murallas Eternas
227,Skarmory,Steel,Flying,465,65,80,140,40,70,70,2,False,3,0.2510458363854643,-1.5708377469336137,0.5714285714285714,Murallas Eternas
228,Houndour,Dark,Fire,330,45,60,30,80,50,65,2,False,0,-1.430421621385979,1.1382341787048862,2.0,Básico
229,Houndoom,Dark,Fire,500,75,90,50,110,80,95,2,False,1,0.9173852514589458,1.3586793093700562,1.8,Relámpagos Letales
229,HoundoomMega Houndoom,Dark,Fire,600,75,90,90,140,90,115,2,False,2,2.1959487222619556,1.2061569696586496,1.0,Élite Inalcanzable
230,Kingdra,Water,Dragon,540,75,95,95,95,95,85,2,False,2,1.427073198555181,-0.04666700219698059,1.0,Élite Inalcanzable
231,Phanpy,Ground,,330,90,60,60,40,40,40,2,False,0,-1.4019606462724843,-0.47969306772087433,1.0,Básico
232,Donphan,Ground,,500,90,120,120,60,60,50,2,False,3,0.8285383007215767,-1.4234104213811534,1.0,Murallas Eternas
233,Porygon2,Normal,,515,85,80,90,105,95,60,2,False,3,1.1694171230189732,-0.4665236660483664,0.8888888888888888,Murallas Eternas
234,Stantler,Normal,,465,73,95,62,85,65,85,2,False,1,0.3876737629320126,0.7903324130555096,1.532258064516129,Relámpagos Letales
235,Smeargle,Normal,,250,55,20,35,20,45,75,2,False,0,-2.56487274288392,0.7023161984846329,0.5714285714285714,Básico
236,Tyrogue,Fighting,,210,35,35,35,35,35,35,2,False,0,-3.080911919298196,0.07965855342893723,1.0,Básico
237,Hitmontop,Fighting,,455,50,95,95,35,110,70,2,False,3,0.27501276419375453,-0.9981275609949098,1.0,Murallas Eternas
238,Smoochum,Ice,Psychic,305,45,30,15,85,65,65,2,False,0,-1.699920973589161,1.3476903445262562,2.0,Básico
239,Elekid,Electric,,360,45,63,37,65,55,95,2,False,1,-1.090641296168848,1.505520990781516,1.7027027027027026,Relámpagos Letales
240,Magby,Fire,,365,45,75,37,70,55,83,2,False,0,-0.996842868739473,1.2803899495416347,2.027027027027027,Básico
241,Miltank,Normal,,490,95,80,105,40,70,100,2,False,3,0.6473795630775714,-0.2738771211878174,0.7619047619047619,Murallas Eternas
242,Blissey,Normal,,540,255,10,10,75,135,55,2,False,2,2.0530838307186694,-0.18219734577623262,1.0,Élite Inalcanzable
243,Raikou,Electric,,580,90,85,75,115,100,115,2,True,2,1.994132727748429,1.1376649614119088,1.1333333333333333,Élite Inalcanzable
244,Entei,Fire,,580,115,115,85,90,75,100,2,True,2,1.9730980924546009,0.49991238416806966,1.3529411764705883,Élite Inalcanzable
245,Suicune,Water,,580,100,75,115,90,115,85,2,True,2,2.0243206527927873,-0.7592409951923833,0.6521739130434783,Élite Inalcanzable
246,Larvitar,Rock,Ground,300,50,64,50,45,50,41,2,False,0,-1.8329133889919769,-0.1597476806177772,1.28,Básico
247,Pupitar,Rock,Ground,410,70,84,70,65,70,51,2,False,3,-0.3053958835165761,-0.3774647296858412,1.2,Murallas Eternas
248,Tyranitar,Rock,Dark,600,100,134,110,95,100,61,2,False,2,2.315684772545442,-1.0136012780096175,1.2181818181818183,Élite Inalcanzable
248,TyranitarMega Tyranitar,Rock,Dark,700,100,164,150,95,120,71,2,False,2,3.626897209909072,-1.7515072604470163,1.0933333333333333,Élite Inalcanzable
249,Lugia,Psychic,Flying,680,106,90,130,90,154,110,2,True,2,3.4119779446831147,-0.8362332900818386,0.6923076923076923,Élite Inalcanzable
250,Ho-oh,Fire,Flying,680,106,130,90,110,154,90,2,True,2,3.5353583248153946,-0.28813097632089757,1.4444444444444444,Élite Inalcanzable
251,Celebi,Psychic,Grass,600,100,100,100,100,100,100,2,False,2,2.258897043189965,0.12012651939475934,1.0,Élite Inalcanzable
252,Treecko,Grass,,310,40,45,35,65,55,70,3,False,0,-1.7228800625071141,0.9805128187696263,1.2857142857142858,Básico
253,Grovyle,Grass,,405,50,65,45,85,65,95,3,False,1,-0.4529057158210727,1.4290309286828,1.4444444444444444,Relámpagos Letales
254,Sceptile,Grass,,530,70,85,65,105,85,120,3,False,1,1.2478627448973014,1.5565669759702885,1.3076923076923077,Relámpagos Letales
254,SceptileMega Sceptile,Grass,Dragon,630,70,110,75,145,85,145,3,False,2,2.5510661770051763,2.3129096368956255,1.4666666666666666,Élite Inalcanzable
255,Torchic,Fire,,310,45,60,40,70,50,45,3,False,0,-1.684499686897124,0.3827354356669089,1.5,Básico
256,Combusken,Fire,Fighting,405,60,85,60,85,60,55,3,False,1,-0.39685375910485104,0.22273672187113955,1.4166666666666667,Relámpagos Letales
257,Blaziken,Fire,Fighting,530,80,120,70,110,70,80,3,False,1,1.298929271667819,0.690175852539721,1.7142857142857142,Relámpagos Letales
257,BlazikenMega Blaziken,Fire,Fighting,630,80,160,80,130,80,100,3,False,2,2.629203339476566,1.064144660528364,2.0,Élite Inalcanzable
258,Mudkip,Water,,310,50,70,50,50,50,40,3,False,0,-1.693314573746716,-0.1338804174561519,1.4,Básico
259,Marshtomp,Water,Ground,405,70,85,70,60,70,50,3,False,3,-0.37330279464933486,-0.4468138895035473,1.2142857142857142,Murallas Eternas
260,Swampert,Water,Ground,535,100,110,90,85,90,60,3,False,3,1.4446062070866488,-0.6492554171371457,1.2222222222222223,Murallas Eternas
260,SwampertMega Swampert,Water,Ground,635,100,150,110,95,110,70,3,False,2,2.797592283519022,-0.8865870111113147,1.3636363636363635,Élite Inalcanzable
261,Poochyena,Dark,,220,35,55,35,30,30,35,3,False,0,-2.9606208285316638,0.08323791032565962,1.5714285714285714,Básico
262,Mightyena,Dark,,420,70,90,70,60,60,70,3,False,1,-0.23588236438513555,0.1013167117928631,1.2857142857142858,Relámpagos Letales
263,Zigzagoon,Normal,,240,38,30,41,30,41,60,3,False,0,-2.7171263197872135,0.4239447762585095,0.7317073170731707,Básico
264,Linoone,Normal,,420,78,70,61,50,61,100,3,False,1,-0.266703855943651,0.8375367887725637,1.1475409836065573,Relámpagos Letales
265,Wurmple,Bug,,195,45,45,35,20,30,20,3,False,0,-3.2563017679506183,-0.3922984235551309,1.2857142857142858,Básico
266,Silcoon,Bug,,205,50,35,55,25,25,15,3,False,0,-3.1503825773317207,-0.8415035050203712,0.6363636363636364,Básico
267,Beautifly,Bug,Flying,395,60,70,50,100,50,65,3,False,1,-0.5527929832350469,0.8752657115119681,1.4,Relámpagos Letales
268,Cascoon,Bug,,205,50,35,55,25,25,15,3,False,0,-3.1503825773317207,-0.8415035050203712,0.6363636363636364,Básico
269,Dustox,Bug,Poison,385,60,50,70,50,90,65,3,False,0,-0.6440145907653376,-0.34641042886178924,0.7142857142857143,Básico
270,Lotad,Water,Grass,220,40,30,30,40,50,30,3,False,0,-2.8765061116819064,-0.03524553825361946,1.0,Básico
271,Lombre,Water,Grass,340,60,50,50,60,70,50,3,False,0,-1.233487969377857,-0.022793856417982008,1.0,Básico
272,Ludicolo,Water,Grass,480,80,70,70,90,100,70,3,False,1,0.7106167426973111,-0.0029188910920201466,1.0,Relámpagos Letales
273,Seedot,Grass,,220,40,40,50,30,30,30,3,False,0,-2.9700242497108014,-0.3565881484178929,0.8,Básico
274,Nuzleaf,Grass,Dark,340,70,70,40,60,40,60,3,False,0,-1.2949572733115693,0.6411005856394902,1.75,Básico
275,Shiftry,Grass,Dark,480,90,100,60,90,60,80,3,False,1,0.6232751892835233,0.7505914401149303,1.6666666666666667,Relámpagos Letales
276,Taillow,Normal,Flying,270,40,55,30,30,30,85,3,False,0,-2.3650856466364627,1.318343336357307,1.8333333333333333,Básico
277,Swellow,Normal,Flying,430,60,85,60,50,50,125,3,False,1,-0.2389287022379192,1.5930103714095762,1.4166666666666667,Relámpagos Letales
278,Wingull,Water,Flying,270,40,30,30,55,30,85,3,False,0,-2.354135785039085,1.542713771352102,1.0,Básico
279,Pelipper,Water,Flying,430,60,50,100,85,70,65,3,False,3,-0.1271424799166421,-0.45289461632384737,0.5,Murallas Eternas
280,Ralts,Psychic,Fairy,198,28,25,25,45,35,40,3,False,0,-3.2424510321366133,0.5095295462102248,1.0,Básico
281,Kirlia,Psychic,Fairy,278,38,35,35,65,55,50,3,False,0,-2.1198553912134703,0.5231786706183679,1.0,Básico
282,Gardevoir,Psychic,Fairy,518,68,65,65,125,115,80,3,False,1,1.2479315315559598,0.5641260438427969,1.0,Relámpagos Letales
282,GardevoirMega Gardevoir,Psychic,Fairy,618,68,85,65,165,135,100,3,False,2,2.6315345853375804,1.2333884179104537,1.3076923076923077,Élite Inalcanzable
283,Surskit,Bug,Water,269,40,30,32,50,52,65,3,False,0,-2.2768547947331843,0.8061910936801465,0.9375,Básico
284,Masquerain,Bug,Flying,414,70,60,62,80,82,60,3,False,1,-0.21657981017738104,0.019278058270647165,0.967741935483871,Relámpagos Letales
285,Shroomish,Grass,,295,60,40,60,40,60,35,3,False,0,-1.866319474071842,-0.6742770168153749,0.6666666666666666,Básico
286,Breloom,Grass,Fighting,460,60,130,80,60,60,70,3,False,1,0.2697223914151367,-0.05262483394964628,1.625,Relámpagos Letales
287,Slakoth,Normal,,280,60,60,60,35,35,30,3,False,0,-2.126357576331877,-0.6138412457134313,1.0,Básico
288,Vigoroth,Normal,,440,80,80,80,55,55,90,3,False,1,-0.0213368867132315,0.31928535973701283,1.0,Relámpagos Letales
289,Slaking,Normal,,670,150,160,100,95,65,100,3,False,2,3.2009102539176246,0.22997871863368055,1.6,Élite Inalcanzable
290,Nincada,Bug,Ground,266,31,45,90,30,30,40,3,False,0,-2.4574395590280855,-0.9017474411036831,0.5,Básico
291,Ninjask,Bug,Flying,456,61,90,45,50,50,160,3,False,1,0.07323004327015656,2.69975068461203,2.0,Relámpagos Letales
292,Shedinja,Bug,Ghost,236,1,90,45,30,30,40,3,False,0,-2.8316567549062372,0.12234373609957534,2.0,Básico
293,Whismur,Normal,,240,64,51,23,51,23,28,3,False,0,-2.611956611379629,0.32268092714056634,2.217391304347826,Básico
294,Loudred,Normal,,360,84,71,43,71,43,48,3,False,0,-0.9689384690755791,0.33513260897620406,1.6511627906976745,Básico
295,Exploud,Normal,,490,104,91,63,91,73,68,3,False,1,0.8353691105345921,0.26161390098330567,1.4444444444444444,Relámpagos Letales
296,Makuhita,Fighting,,237,72,60,30,20,30,25,3,False,0,-2.6412681305921337,-0.2606209803566862,2.0,Básico
297,Hariyama,Fighting,,474,144,120,60,40,60,50,3,False,3,0.6736574071460162,-0.5791100709299438,2.0,Murallas Eternas
298,Azurill,Normal,Fairy,190,50,20,40,20,40,20,3,False,0,-3.2988029618465053,-0.6048883980845972,0.5,Básico
299,Nosepass,Rock,,375,30,45,135,45,90,30,3,False,3,-0.8855447741838411,-2.4122778301144785,0.3333333333333333,Murallas Eternas
300,Skitty,Normal,,260,50,45,45,35,35,50,3,False,0,-2.4263469314454347,0.17692344386556483,1.0,Básico
301,Delcatty,Normal,,380,70,65,65,55,55,70,3,False,0,-0.7833287891413847,0.18937512570120235,1.0,Básico
302,Sableye,Dark,Ghost,380,50,75,75,65,65,50,3,False,0,-0.7666746368204914,-0.395173031435777,1.0,Básico
302,SableyeMega Sableye,Dark,Ghost,480,50,85,125,85,115,20,3,False,3,0.6918837950359589,-2.333936366889468,0.68,Murallas Eternas
303,Mawile,Steel,Fairy,380,50,85,85,55,55,50,3,False,0,-0.8156236781544141,-0.6007184235168728,1.0,Básico
303,MawileMega Mawile,Steel,Fairy,480,50,105,125,55,95,50,3,False,3,0.5672498091667637,-1.7443794158359873,0.84,Murallas Eternas
304,Aron,Steel,Rock,330,50,70,100,40,40,30,3,False,0,-1.5263000772907338,-1.3803104714087462,0.7,Básico
305,Lairon,Steel,Rock,430,60,90,140,50,50,40,3,False,3,-0.2192127964792136,-1.9757419549051265,0.6428571428571429,Murallas Eternas
306,Aggron,Steel,Rock,530,70,110,180,60,60,50,3,False,3,1.0878744843323067,-2.5711734384015066,0.6111111111111112,Murallas Eternas
306,AggronMega Aggron,Steel,,630,70,140,230,60,80,50,3,False,3,2.4003066254784367,-3.7410157596543203,0.6086956521739131,Murallas Eternas
307,Meditite,Fighting,Psychic,280,30,40,55,40,55,60,3,False,0,-2.17492577930404,0.14474600397031093,0.7272727272727273,Básico
308,Medicham,Fighting,Psychic,410,60,60,75,60,75,80,3,False,1,-0.37912330088492874,0.12395362092051286,0.8,Relámpagos Letales
308,MedichamMega Medicham,Fighting,Psychic,510,60,100,85,80,85,100,3,False,1,0.9511507669238184,0.49792242890915583,1.1764705882352942,Relámpagos Letales
309,Electrike,Electric,,295,40,45,40,65,40,65,3,False,0,-1.964204366575046,0.8935002341047225,1.125,Básico
310,Manectric,Electric,,475,70,75,60,105,60,105,3,False,1,0.4776108382574031,1.5234781588209907,1.25,Relámpagos Letales
310,ManectricMega Manectric,Electric,,575,70,75,80,135,80,135,3,False,1,1.7995237019728836,1.9186893760081771,0.9375,Relámpagos Letales
311,Plusle,Electric,,405,60,50,40,85,75,95,3,False,1,-0.4003178944445334,1.405232028943272,1.25,Relámpagos Letales
312,Minun,Electric,,405,60,40,50,75,85,95,3,False,1,-0.39752243681830485,1.0204548585632198,0.8,Relámpagos Letales
313,Volbeat,Bug,,400,65,73,55,47,75,85,3,False,1,-0.4841154236660094,0.5092785435557797,1.3272727272727274,Relámpagos Letales
314,Illumise,Bug,,400,65,47,55,73,75,85,3,False,1,-0.47272756760473683,0.7426237959503668,0.8545454545454545,Relámpagos Letales
315,Roselia,Grass,Poison,400,50,60,45,100,80,65,3,False,1,-0.41548636556336477,0.7478369115467103,1.3333333333333333,Relámpagos Letales
316,Gulpin,Poison,,302,70,43,53,43,53,40,3,False,0,-1.7678273679972334,-0.3619083660388441,0.8113207547169812,Básico
317,Swalot,Poison,,467,100,73,83,73,83,55,3,False,3,0.5234488902158679,-0.6884839396409402,0.8795180722891566,Murallas Eternas
318,Carvanha,Water,Dark,305,45,90,20,65,20,65,3,False,0,-1.8344544091348511,1.4687589440867441,4.5,Básico
319,Sharpedo,Water,Dark,460,70,120,40,95,40,95,3,False,1,0.27567085834642147,1.791796497023168,3.0,Relámpagos Letales
319,SharpedoMega Sharpedo,Water,Dark,560,70,140,70,110,65,105,3,False,1,1.625086184623411,1.3491179382405631,2.0,Relámpagos Letales
320,Wailmer,Water,,400,130,70,35,70,35,60,3,False,1,-0.37745901311483876,0.6788988685158619,2.0,Relámpagos Letales
321,Wailord,Water,,500,170,90,45,90,45,60,3,False,3,1.0621167498447643,0.45226295651347487,2.0,Murallas Eternas
322,Numel,Fire,Ground,305,60,60,40,65,45,35,3,False,0,-1.72136710443874,0.09898896568989167,1.5,Básico
323,Camerupt,Fire,Ground,460,70,100,70,105,75,40,3,False,3,0.4240541650066321,-0.2942280364052325,1.4285714285714286,Murallas Eternas
323,CameruptMega Camerupt,Fire,Ground,560,70,120,100,145,105,20,3,False,3,1.8571051306132278,-1.2369137995160595,1.2,Murallas Eternas
324,Torkoal,Fire,,470,70,85,140,85,70,20,3,False,3,0.44673051030525945,-2.3162091542994974,0.6071428571428571,Murallas Eternas
325,Spoink,Psychic,,330,60,25,35,70,80,60,3,False,0,-1.3305242432599296,0.508335821541259,0.7142857142857143,Básico
326,Grumpig,Psychic,,470,80,45,65,90,110,80,3,False,1,0.5905036769613917,0.23304950563664686,0.6923076923076923,Relámpagos Letales
327,Spinda,Normal,,360,60,60,60,60,60,60,3,False,0,-1.027139241418134,0.09522315572348417,1.0,Básico
328,Trapinch,Ground,,290,45,100,45,45,45,10,3,False,0,-1.9188605440031896,-0.6996559175510179,2.2222222222222223,Básico
329,Vibrava,Ground,Dragon,340,50,70,50,50,50,70,3,False,0,-1.3468126632607689,0.556625775254953,1.4,Básico
330,Flygon,Ground,Dragon,520,80,100,80,80,80,100,3,False,1,1.1177145501953056,0.5753032980084094,1.25,Relámpagos Letales
331,Cacnea,Grass,,335,50,85,40,85,40,35,3,False,0,-1.3366589247117535,0.37111932042967133,2.125,Básico
332,Cacturne,Grass,Dark,475,70,115,60,115,60,55,3,False,1,0.5815735378833392,0.4806101749051114,1.9166666666666667,Relámpagos Letales
333,Swablu,Normal,Flying,310,45,40,60,40,75,50,3,False,0,-1.6803108670422786,-0.40811340787447303,0.6666666666666666,Básico
334,Altaria,Dragon,Flying,490,75,70,90,70,105,80,3,False,3,0.7842163464137959,-0.3894358851210166,0.7777777777777778,Murallas Eternas
334,AltariaMega Altaria,Dragon,Fairy,590,75,110,110,110,105,80,3,False,2,2.118514308800267,-0.4048144103852343,1.0,Élite Inalcanzable
335,Zangoose,Normal,,458,73,115,60,60,60,90,3,False,1,0.26277683906064586,0.7625623103487049,1.9166666666666667,Relámpagos Letales
336,Seviper,Poison,,458,73,100,60,100,60,65,3,False,1,0.33008799510994236,0.5552469273834786,1.6666666666666667,Relámpagos Letales
337,Lunatone,Rock,Psychic,440,70,55,65,95,85,70,3,False,1,0.12431086481092184,0.3013931501700932,0.8461538461538461,Relámpagos Letales
338,Solrock,Rock,Psychic,440,70,95,85,55,65,70,3,False,3,0.01765289286517455,-0.2891939819879345,1.1176470588235294,Murallas Eternas
339,Barboach,Water,Ground,288,50,48,43,46,41,60,3,False,0,-2.043014698296032,0.4996901529015166,1.1162790697674418,Básico
340,Whiscash,Water,Ground,468,110,78,73,76,71,60,3,False,3,0.5333636130192804,-0.2718707117124388,1.0684931506849316,Murallas Eternas
341,Corphish,Water,,308,43,80,65,50,35,35,3,False,0,-1.789450384657995,-0.3957442652920221,1.2307692307692308,Básico
342,Crawdaunt,Water,Dark,468,63,120,85,90,55,55,3,False,3,0.40399639822814065,-0.18921423817677963,1.411764705882353,Murallas Eternas
343,Baltoy,Ground,Psychic,300,40,40,55,40,70,55,3,False,0,-1.8379576056441207,-0.13253801110977956,0.7272727272727273,Básico
344,Claydol,Ground,Psychic,500,60,70,105,70,120,75,3,False,3,0.9143041907027863,-0.886261149855089,0.6666666666666666,Murallas Eternas
345,Lileep,Rock,Grass,355,66,41,77,61,87,23,3,False,0,-0.9722278798726027,-1.3490596549163378,0.5324675324675324,Básico
346,Cradily,Rock,Grass,495,86,81,97,81,107,43,3,False,3,0.9416246380835389,-1.329316974438816,0.8350515463917526,Murallas Eternas
347,Anorith,Rock,Bug,355,45,95,50,40,50,75,3,False,0,-1.166708675803857,0.6040522481330168,1.9,Básico
348,Armaldo,Rock,Bug,495,75,125,100,70,80,45,3,False,3,0.8382553979026233,-1.161817830359164,1.25,Murallas Eternas
349,Feebas,Water,,200,20,15,20,10,55,80,3,False,0,-3.263164400860934,1.0552193900952116,0.75,Básico
350,Milotic,Water,,540,95,60,79,100,125,81,3,False,2,1.579495791835707,-0.10636803212006604,0.759493670886076,Élite Inalcanzable
351,Castform,Normal,,420,70,70,70,70,70,70,3,False,1,-0.20563017026610897,0.10144899664130298,1.0,Relámpagos Letales
352,Kecleon,Normal,,440,60,90,70,60,120,40,3,False,3,0.23256801285058562,-1.0717677550040223,1.2857142857142858,Murallas Eternas
353,Shuppet,Ghost,,295,44,75,35,63,33,45,3,False,0,-1.9270625452210406,0.5731859864780315,2.142857142857143,Básico
354,Banette,Ghost,,455,64,115,65,83,63,65,3,False,1,0.2647997506523725,0.3051906692153038,1.7692307692307692,Relámpagos Letales
354,BanetteMega Banette,Ghost,,555,64,165,75,93,83,75,3,False,2,1.636482674299641,0.27327218247379087,2.2,Élite Inalcanzable
355,Duskull,Ghost,,295,20,40,90,30,90,25,3,False,0,-1.89872525407392,-1.7280771547169436,0.4444444444444444,Básico
356,Dusclops,Ghost,,455,40,70,130,60,130,25,3,False,3,0.34452549069841754,-2.6543997575294065,0.5384615384615384,Murallas Eternas
357,Tropius,Grass,Flying,460,99,68,83,72,87,51,3,False,3,0.444797669635828,-0.8227772984376488,0.8192771084337349,Murallas Eternas
358,Chimecho,Psychic,,425,65,50,70,95,80,65,3,False,1,-0.09982476392144239,0.14320945845890026,0.7142857142857143,Relámpagos Letales
359,Absol,Dark,,465,65,130,60,75,60,75,3,False,1,0.3801198953621876,0.5894632248612045,2.1666666666666665,Relámpagos Letales
359,AbsolMega Absol,Dark,,565,65,150,60,115,60,115,3,False,1,1.672145348188863,1.891003840393337,2.5,Relámpagos Letales
360,Wynaut,Psychic,,260,95,23,48,23,48,23,3,False,0,-2.2716511398590042,-0.886514717198206,0.4791666666666667,Básico
361,Snorunt,Ice,,300,50,50,50,50,50,50,3,False,0,-1.8486483125701587,0.08899731480566545,1.0,Básico
362,Glalie,Ice,,480,80,80,80,80,80,80,3,False,1,0.6158789008859158,0.10767483755912173,1.0,Relámpagos Letales
362,GlalieMega Glalie,Ice,,580,80,120,80,120,80,100,3,False,2,1.947737455707385,0.9561689899257348,1.5,Élite Inalcanzable
363,Spheal,Ice,Water,290,70,40,50,55,50,25,3,False,0,-1.8973498540052058,-0.509861304885972,0.8,Básico
364,Sealeo,Ice,Water,410,90,60,70,75,70,45,3,False,3,-0.2543317117011558,-0.49740962305033437,0.8571428571428571,Murallas Eternas
365,Walrein,Ice,Water,530,110,80,90,95,90,65,3,False,3,1.3886864306028939,-0.48495794121469676,0.8888888888888888,Murallas Eternas
366,Clamperl,Water,,345,35,64,85,74,55,32,3,False,0,-1.271462871369777,-0.7953636110835265,0.7529411764705882,Básico
367,Huntail,Water,,485,55,104,105,94,75,52,3,False,3,0.6423896465863648,-0.7756209306060047,0.9904761904761905,Murallas Eternas
368,Gorebyss,Water,,485,55,84,105,114,75,52,3,False,3,0.6511495358642667,-0.5961245826101684,0.8,Murallas Eternas
369,Relicanth,Water,Rock,485,100,90,130,45,65,55,3,False,3,0.6204907523395401,-1.7373499315818368,0.6923076923076923,Murallas Eternas
370,Luvdisc,Water,,330,43,30,55,40,65,97,3,False,0,-1.5230815366083834,0.8635371348134625,0.5454545454545454,Básico
371,Bagon,Dragon,,300,45,75,60,40,30,50,3,False,0,-1.9321531775286647,-0.008487406022763237,1.25,Básico
372,Shelgon,Dragon,,420,65,95,100,60,50,50,3,False,3,-0.28669562765961326,-0.8599084018179566,0.95,Murallas Eternas
373,Salamence,Dragon,Flying,600,95,135,80,110,80,100,3,False,2,2.2402426091540493,0.8183774682601346,1.6875,Élite Inalcanzable
373,SalamenceMega Salamence,Dragon,Flying,700,95,145,130,120,90,120,3,False,2,3.4913493434642615,0.2809456733202357,1.1153846153846154,Élite Inalcanzable
374,Beldum,Steel,Psychic,300,40,55,80,35,60,30,3,False,0,-1.8629705679874196,-1.1676370559977987,0.6875,Básico
375,Metang,Steel,Psychic,420,60,75,100,55,80,50,3,False,3,-0.21995242568336973,-1.1551853741621612,0.75,Murallas Eternas
376,Metagross,Steel,Psychic,600,80,135,130,95,90,70,3,False,2,2.199759636159886,-1.0571615664882121,1.0384615384615385,Élite Inalcanzable
376,MetagrossMega Metagross,Steel,Psychic,700,80,145,150,105,110,110,3,False,2,3.4929960596000678,-0.6149234657141025,0.9666666666666667,Élite Inalcanzable
377,Regirock,Rock,,580,80,100,200,50,100,50,3,True,3,1.8440429306031112,-3.448873451064316,0.5,Murallas Eternas
378,Regice,Ice,,580,80,50,100,100,200,50,3,True,2,2.311633620747583,-1.8421604002429488,0.5,Élite Inalcanzable
379,Registeel,Steel,,580,80,75,150,75,150,50,3,True,3,2.0778382756753473,-2.6455169256536326,0.5,Murallas Eternas
380,Latias,Dragon,Psychic,600,80,80,90,110,130,110,3,True,2,2.304939735908611,0.4467424931724138,0.8888888888888888,Élite Inalcanzable
380,LatiasMega Latias,Dragon,Psychic,700,80,100,120,140,150,110,3,True,2,3.667905405401387,-0.04302909162133425,0.8333333333333334,Élite Inalcanzable
381,Latios,Dragon,Psychic,600,80,90,80,130,110,110,3,True,2,2.280651973441258,1.0108837266998623,1.125,Élite Inalcanzable
381,LatiosMega Latios,Dragon,Psychic,700,80,130,100,160,120,110,3,True,2,3.636442240668854,0.8161411382882482,1.3,Élite Inalcanzable
382,Kyogre,Water,,670,100,100,90,150,140,90,3,True,2,3.370819477299637,0.21481220368292872,1.1111111111111112,Élite Inalcanzable
382,KyogrePrimal Kyogre,Water,,770,100,150,90,180,160,90,3,True,2,4.789875688437102,0.34127994058714833,1.6666666666666667,Élite Inalcanzable
383,Groudon,Ground,,670,100,150,140,100,90,90,3,True,2,3.126074270630024,-0.8129147567225504,1.0714285714285714,Élite Inalcanzable
383,GroudonPrimal Groudon,Ground,Fire,770,100,180,160,150,90,90,3,True,2,4.464752177655447,-0.7385451079888498,1.125,Élite Inalcanzable
384,Rayquaza,Dragon,Flying,680,105,150,90,150,90,95,3,True,2,3.3756007163711153,0.7613539824394527,1.6666666666666667,Élite Inalcanzable
384,RayquazaMega Rayquaza,Dragon,Flying,780,105,180,100,180,100,115,3,True,2,4.710254728818813,1.2250709644260138,1.8,Élite Inalcanzable
385,Jirachi,Steel,Psychic,600,100,100,100,100,100,100,3,True,2,2.258897043189965,0.12012651939475934,1.0,Élite Inalcanzable
386,DeoxysNormal Forme,Psychic,,600,50,150,50,150,50,150,3,True,1,2.05850125862676,3.361076350240707,3.0,Relámpagos Letales
386,DeoxysAttack Forme,Psychic,,600,50,180,20,180,20,150,3,True,1,2.0501148857480747,4.515407861380863,9.0,Relámpagos Letales
386,DeoxysDefense Forme,Psychic,,600,50,70,160,70,160,90,3,True,3,2.2218904324165085,-1.9613673914426701,0.4375,Murallas Eternas
386,DeoxysSpeed Forme,Psychic,,600,50,95,90,95,90,180,3,True,1,2.0033635191810566,2.366915102471899,1.0555555555555556,Relámpagos Letales
387,Turtwig,Grass,,318,55,68,64,45,55,31,4,False,0,-1.573801787124006,-0.7305400902264869,1.0625,Básico
388,Grotle,Grass,,405,75,89,85,55,65,36,4,False,3,-0.37990741699032876,-1.0905769990958032,1.0470588235294118,Murallas Eternas
389,Torterra,Grass,Ground,525,95,109,105,75,85,56,4,False,3,1.263110725313721,-1.0781253172601657,1.0380952380952382,Murallas Eternas
390,Chimchar,Fire,,309,44,58,44,58,44,61,4,False,0,-1.7599026242452105,0.6124034944869904,1.3181818181818181,Básico
391,Monferno,Fire,Fighting,405,64,78,52,78,52,81,4,False,1,-0.4504962154418864,0.9701407736109275,1.5,Relámpagos Letales
392,Infernape,Fire,Fighting,534,76,104,71,104,71,108,4,False,1,1.288472518133067,1.2573031223454114,1.4647887323943662,Relámpagos Letales
393,Piplup,Water,,314,53,51,53,61,56,40,4,False,0,-1.6192053195031701,-0.16015956125146216,0.9622641509433962,Básico
394,Prinplup,Water,,405,64,66,68,81,76,50,4,False,3,-0.3552624807499226,-0.2488958976272484,0.9705882352941176,Murallas Eternas
395,Empoleon,Water,Steel,530,84,86,88,111,101,60,4,False,3,1.3926968758435356,-0.4162044682907202,0.9772727272727273,Murallas Eternas
396,Starly,Normal,Flying,245,40,55,30,30,30,60,4,False,0,-2.653837238708085,0.7429215090980527,1.8333333333333333,Básico
397,Staravia,Normal,Flying,340,55,75,50,40,40,80,4,False,0,-1.3882978342326846,0.7645719398860836,1.5,Básico
398,Staraptor,Normal,Flying,485,85,120,70,50,60,100,4,False,1,0.6062504812865447,0.659499631819781,1.7142857142857142,Relámpagos Letales
399,Bidoof,Normal,,250,59,45,40,35,40,31,4,False,0,-2.486007690568826,-0.23241819420677148,1.125,Básico
400,Bibarel,Normal,Water,410,79,85,60,55,60,71,4,False,1,-0.34115389895538656,0.24766194807815373,1.4166666666666667,Relámpagos Letales
401,Kricketot,Bug,,194,37,25,41,25,41,25,4,False,0,-3.2742641424445127,-0.42684096173580394,0.6097560975609756,Básico
402,Kricketune,Bug,,384,77,85,51,55,51,65,4,False,0,-0.6912199484011324,0.37517372047924463,1.6666666666666667,Básico
403,Shinx,Electric,,263,45,65,34,40,34,45,4,False,0,-2.364277794435576,0.36299035384348505,1.911764705882353,Básico
404,Luxio,Electric,,363,60,85,49,60,49,60,4,False,0,-0.9944070275620174,0.4208487015401144,1.7346938775510203,Básico
405,Luxray,Electric,,523,80,120,79,95,79,70,4,False,3,1.2239417362672191,0.06095241369150424,1.518987341772152,Murallas Eternas
406,Budew,Grass,Poison,280,40,30,35,50,70,55,4,False,0,-2.0670183422274695,0.360745378711566,0.8571428571428571,Básico
407,Roserade,Grass,Poison,515,60,70,65,125,105,90,4,False,1,1.147623856099461,0.9086831661438541,1.0769230769230769,Relámpagos Letales
408,Cranidos,Rock,,350,67,125,40,30,30,58,4,False,0,-1.199779003169677,0.430879675061518,3.125,Básico
409,Rampardos,Rock,,495,97,165,60,65,50,58,4,False,3,0.845552275941724,0.09713133882449128,2.75,Murallas Eternas
410,Shieldon,Rock,Steel,350,30,42,118,42,88,30,4,False,0,-1.198791536771333,-2.081190570490799,0.3559322033898305,Básico
411,Bastiodon,Rock,Steel,495,60,52,168,47,138,30,4,False,3,0.8549261152187534,-3.569270417867982,0.30952380952380953,Murallas Eternas
412,Burmy,Bug,,224,40,29,45,29,45,36,4,False,0,-2.880088501815155,-0.25990810724754154,0.6444444444444445,Básico
413,WormadamPlant Cloak,Bug,Grass,424,60,59,85,79,105,36,4,False,3,-0.03466461750058004,-1.171384143079356,0.6941176470588235,Murallas Eternas
413,WormadamSandy Cloak,Bug,Ground,424,60,79,105,59,85,36,4,False,3,-0.1325627001684254,-1.5824749272415473,0.7523809523809524,Murallas Eternas
413,WormadamTrash Cloak,Bug,Steel,424,60,69,95,69,95,36,4,False,3,-0.08361365883450274,-1.3769295351604518,0.7263157894736842,Murallas Eternas
414,Mothim,Bug,Flying,424,70,94,50,94,50,66,4,False,1,-0.14733561213360843,0.8177515140958476,1.88,Relámpagos Letales
415,Combee,Bug,Flying,244,30,30,42,30,42,70,4,False,0,-2.696052174058887,0.6519349592965348,0.7142857142857143,Básico
416,Vespiquen,Bug,Flying,474,70,80,102,80,102,40,4,False,3,0.6127135288742556,-1.4127796161987987,0.7843137254901961,Murallas Eternas
417,Pachirisu,Electric,,405,60,45,70,45,90,95,4,False,1,-0.4351198404249122,0.2955761775294145,0.6428571428571429,Relámpagos Letales
418,Buizel,Water,,330,55,65,35,60,30,85,4,False,0,-1.5227403869372587,1.4514199543508197,1.8571428571428572,Básico
419,Floatzel,Water,,495,85,105,55,85,50,115,4,False,1,0.7292956701950921,1.7147841375060378,1.9090909090909092,Relámpagos Letales
420,Cherubi,Grass,,275,45,35,45,62,53,35,4,False,0,-2.143633997765474,-0.0579369030986542,0.7777777777777778,Básico
421,Cherrim,Grass,,450,70,60,70,87,78,85,4,False,1,0.1988902721862105,0.5330495264551469,0.8571428571428571,Relámpagos Letales
422,Shellos,Water,,325,76,48,48,57,62,34,4,False,0,-1.3952322457914323,-0.3638716980952764,1.0,Básico
423,Gastrodon,Water,Ground,475,111,83,68,92,82,39,4,False,3,0.7165329258788004,-0.6009804509836412,1.2205882352941178,Murallas Eternas
424,Ambipom,Normal,,482,75,100,66,60,66,115,4,False,1,0.5457653833665745,1.153224277005309,1.5151515151515151,Relámpagos Letales
425,Drifloon,Ghost,Flying,348,90,50,34,60,44,70,4,False,0,-1.1502387693491305,0.8841625969460501,1.4705882352941178,Básico
426,Drifblim,Ghost,Flying,498,150,80,44,90,54,80,4,False,1,0.985620622960288,0.918246458716296,1.8181818181818181,Relámpagos Letales
427,Buneary,Normal,,350,55,66,44,44,56,85,4,False,0,-1.2084732365526982,0.8972407662980014,1.5,Básico
428,Lopunny,Normal,,480,65,76,84,54,96,105,4,False,1,0.5625658051797899,0.27042134489877256,0.9047619047619048,Relámpagos Letales
428,LopunnyMega Lopunny,Normal,Fighting,580,65,136,94,54,96,135,4,False,1,1.8382911832331628,0.781032925623817,1.446808510638298,Relámpagos Letales
429,Mismagius,Ghost,,495,60,60,60,105,105,105,4,False,1,0.8475031882808197,1.1643872204966008,1.0,Relámpagos Letales
430,Honchkrow,Dark,Flying,505,100,125,52,105,52,71,4,False,1,0.9979397981815941,0.8895901738890089,2.4038461538461537,Relámpagos Letales
431,Glameow,Normal,,310,49,55,42,42,37,85,4,False,0,-1.806856170327246,1.0981956835690154,1.3095238095238095,Básico
432,Purugly,Normal,,452,71,82,64,64,59,112,4,False,1,0.12592269853455618,1.2287996487005388,1.28125,Relámpagos Letales
433,Chingling,Psychic,,285,45,30,50,65,50,45,4,False,0,-2.0439294759966105,0.12333449313293836,0.6,Básico
434,Stunky,Poison,Dark,329,63,63,47,41,41,74,4,False,0,-1.502778818035313,0.6567734609729302,1.3404255319148937,Básico
435,Skuntank,Poison,Dark,479,103,93,67,71,61,84,4,False,1,0.6055216799612537,0.4696074547737975,1.3880597014925373,Relámpagos Letales
436,Bronzor,Steel,Psychic,300,57,24,86,24,86,23,4,False,0,-1.7682730289815023,-1.8438877447825195,0.27906976744186046,Básico
437,Bronzong,Steel,Psychic,500,67,89,116,79,116,33,4,False,3,0.9831372271408045,-1.9728161231451466,0.7672413793103449,Murallas Eternas
438,Bonsly,Rock,,290,50,80,95,10,45,10,4,False,0,-2.018991012169491,-2.0592848448101995,0.8421052631578947,Básico
439,Mime Jr.,Psychic,Fairy,310,20,25,45,70,90,60,4,False,0,-1.663651809802904,0.3535740833427517,0.5555555555555556,Básico
440,Happiny,Normal,,220,100,5,5,15,65,30,4,False,0,-2.6977025912878374,-0.1018444241292588,1.0,Básico
441,Chatot,Normal,Flying,411,76,65,45,92,42,91,4,False,1,-0.3749744097319541,1.5136363355480218,1.4444444444444444,Relámpagos Letales
442,Spiritomb,Ghost,Dark,485,50,92,108,92,108,35,4,False,3,0.7464575893294224,-1.5175716433561652,0.8518518518518519,Murallas Eternas
443,Gible,Dragon,Ground,300,58,70,45,40,45,42,4,False,0,-1.8267889989125692,-0.06396659763249539,1.5555555555555556,Básico
444,Gabite,Dragon,Ground,410,68,90,65,50,55,82,4,False,1,-0.4066404888374017,0.4346433274056568,1.3846153846153846,Relámpagos Letales
445,Garchomp,Dragon,Ground,600,108,130,95,80,85,102,4,False,2,2.2305876117311314,0.19355355369091817,1.368421052631579,Élite Inalcanzable
445,GarchompMega Garchomp,Dragon,Ground,700,108,170,115,120,95,92,4,False,2,3.610674374595075,-0.13796409230553716,1.4782608695652173,Élite Inalcanzable
446,Munchlax,Normal,,390,135,85,40,40,85,5,4,False,3,-0.2877786064346162,-1.4090997079709193,2.125,Murallas Eternas
447,Riolu,Fighting,,285,40,70,40,35,40,60,4,False,0,-2.102803112819246,0.5073485969986463,1.75,Básico
448,Lucario,Fighting,Steel,525,70,110,70,115,70,90,4,False,1,1.196126950787859,0.9966399856673462,1.5714285714285714,Relámpagos Letales
448,LucarioMega Lucario,Fighting,Steel,625,70,145,88,140,70,112,4,False,2,2.48377795346461,1.3860729303348536,1.6477272727272727,Élite Inalcanzable
449,Hippopotas,Ground,,330,68,72,78,38,42,32,4,False,0,-1.453590995728989,-0.9853710173813107,0.9230769230769231,Básico
450,Hippowdon,Ground,,525,108,112,118,68,72,47,4,False,3,1.2426071270363694,-1.543312764459614,0.9491525423728814,Murallas Eternas
451,Skorupi,Poison,Bug,330,40,50,90,30,55,65,4,False,0,-1.5602498772745808,-0.56934849715219,0.5555555555555556,Básico
452,Drapion,Poison,Dark,500,70,90,110,60,75,95,4,False,1,0.7616847460902686,-0.25928747733754165,0.8181818181818182,Relámpagos Letales
453,Croagunk,Poison,Fighting,300,48,61,40,61,40,50,4,False,0,-1.8544792053902952,0.490127215426785,1.525,Básico
454,Toxicroak,Poison,Fighting,490,83,106,65,86,65,85,4,False,1,0.7384128210855693,0.7099074823814823,1.6307692307692307,Relámpagos Letales
455,Carnivine,Grass,,454,74,100,72,90,72,46,4,False,3,0.31972981978274423,-0.32407733842925807,1.3888888888888888,Murallas Eternas
456,Finneon,Water,,330,49,49,56,49,61,66,4,False,0,-1.4591965738815071,0.23525977991773356,0.875,Básico
457,Lumineon,Water,,460,69,69,76,69,86,91,4,False,1,0.3222166054899278,0.3198106322909539,0.9078947368421053,Relámpagos Letales
458,Mantyke,Water,Flying,345,45,20,50,60,120,50,4,False,0,-1.0624688504979793,-0.41371620619533533,0.4,Básico
459,Snover,Grass,Ice,334,60,62,50,62,60,40,4,False,0,-1.319817991628373,-0.14393886364424494,1.24,Básico
460,Abomasnow,Grass,Ice,494,90,92,75,92,85,60,4,False,3,0.8902036960404168,-0.21156107292436532,1.2266666666666666,Murallas Eternas
460,AbomasnowMega Abomasnow,Grass,Ice,594,90,132,105,132,105,30,4,False,2,2.317298963164334,-1.2911541784684735,1.2571428571428571,Élite Inalcanzable
461,Weavile,Dark,Ice,510,70,120,65,45,85,125,4,False,1,0.9407904259128054,1.1240485491322751,1.8461538461538463,Relámpagos Letales
462,Magnezone,Electric,Steel,535,70,70,115,130,90,60,4,False,3,1.365472395057641,-0.6482527096090208,0.6086956521739131,Murallas Eternas
463,Lickilicky,Normal,,515,110,85,95,80,95,50,4,False,3,1.2124532595340838,-1.1123477967581936,0.8947368421052632,Murallas Eternas
464,Rhyperior,Ground,Rock,535,115,140,130,55,55,40,4,False,3,1.332009935558264,-1.9348775655134354,1.0769230769230769,Murallas Eternas
465,Tangrowth,Grass,,535,100,100,125,110,50,50,4,False,3,1.3065446565089842,-1.0118905324414929,0.8,Murallas Eternas
466,Electivire,Electric,,540,75,123,67,95,85,95,4,False,1,1.4336355702794177,0.8446288187866936,1.835820895522388,Relámpagos Letales
467,Magmortar,Fire,,540,75,95,67,125,95,83,4,False,2,1.4965475148732226,0.7524295737316583,1.4179104477611941,Élite Inalcanzable
468,Togekiss,Fairy,Flying,545,85,50,95,120,115,80,4,False,2,1.5848015768134465,-0.1498567758384282,0.5263157894736842,Élite Inalcanzable
469,Yanmega,Bug,Flying,515,86,76,86,116,56,95,4,False,1,1.0128408143734946,0.8530088900443912,0.8837209302325582,Relámpagos Letales
470,Leafeon,Grass,,525,65,110,130,60,65,95,4,False,3,1.0282781976010078,-0.5529392722478311,0.8461538461538461,Murallas Eternas
471,Glaceon,Ice,,525,65,60,110,130,95,65,4,False,3,1.2336979059358746,-0.46229320199380564,0.5454545454545454,Murallas Eternas
472,Gliscor,Ground,Flying,510,75,95,125,45,75,95,4,False,3,0.8711703202800518,-0.7168286819656494,0.76,Murallas Eternas
473,Mamoswine,Ice,Ground,530,110,130,80,70,60,80,4,False,3,1.28894184128409,0.1047172458457377,1.625,Murallas Eternas
474,Porygon-Z,Normal,,535,85,80,70,135,75,90,4,False,1,1.3792908750653676,1.0796395420998188,1.1428571428571428,Relámpagos Letales
475,Gallade,Psychic,Fighting,518,68,125,65,65,115,80,4,False,1,1.2216518637222542,0.025636999855288382,1.9230769230769231,Relámpagos Letales
475,GalladeMega Gallade,Psychic,Fighting,618,68,165,95,65,115,110,4,False,2,2.4599835473458347,0.12542236611502103,1.736842105263158,Élite Inalcanzable
476,Probopass,Rock,Steel,525,60,55,145,75,150,40,4,False,3,1.3275744206589084,-2.7156047214724905,0.3793103448275862,Murallas Eternas
477,Dusknoir,Ghost,,525,45,100,135,65,135,45,4,False,3,1.2670739510825182,-2.296919992412589,0.7407407407407407,Murallas Eternas
478,Froslass,Ice,Ghost,480,70,80,70,80,70,110,4,False,1,0.5315866973395298,1.1191630928959122,1.1428571428571428,Relámpagos Letales
479,Rotom,Electric,Ghost,440,50,50,77,95,77,91,4,False,1,0.004617794896420988,0.6760680475470391,0.6493506493506493,Relámpagos Letales
479,RotomHeat Rotom,Electric,Fire,520,50,65,107,105,107,86,4,False,1,1.1238197244379766,-0.2033683888252875,0.6074766355140186,Relámpagos Letales
479,RotomWash Rotom,Electric,Water,520,50,65,107,105,107,86,4,False,1,1.1238197244379766,-0.2033683888252875,0.6074766355140186,Relámpagos Letales
479,RotomFrost Rotom,Electric,Ice,520,50,65,107,105,107,86,4,False,1,1.1238197244379766,-0.2033683888252875,0.6074766355140186,Relámpagos Letales
479,RotomFan Rotom,Electric,Flying,520,50,65,107,105,107,86,4,False,1,1.1238197244379766,-0.2033683888252875,0.6074766355140186,Relámpagos Letales
479,RotomMow Rotom,Electric,Grass,520,50,65,107,105,107,86,4,False,1,1.1238197244379766,-0.2033683888252875,0.6074766355140186,Relámpagos Letales
480,Uxie,Psychic,,580,75,75,130,75,130,95,4,True,2,1.965179417512194,-1.0176596086637577,0.5769230769230769,Élite Inalcanzable
481,Mesprit,Psychic,,580,80,105,105,105,105,80,4,True,2,1.9989391464067017,-0.3690722251919964,1.0,Élite Inalcanzable
482,Azelf,Psychic,,580,75,125,70,125,70,115,4,True,2,1.9041936251210778,1.6543017027841562,1.7857142857142858,Élite Inalcanzable
483,Dialga,Steel,Dragon,680,100,120,120,150,100,90,4,True,2,3.3466571255606925,-0.03931806209618394,1.0,Élite Inalcanzable
484,Palkia,Water,Dragon,680,90,120,100,150,120,100,4,True,2,3.3985116196642235,0.45568916985930863,1.2,Élite Inalcanzable
485,Heatran,Fire,Steel,600,91,90,106,130,106,77,4,True,2,2.306519752299825,-0.2754491812953737,0.8490566037735849,Élite Inalcanzable
486,Regigigas,Normal,,670,110,160,110,80,110,100,4,True,2,3.2226000192485804,-0.3657698939429933,1.4545454545454546,Élite Inalcanzable
487,GiratinaAltered Forme,Ghost,Dragon,680,150,100,120,100,120,90,4,True,2,3.4633376427711666,-0.8517385314166198,0.8333333333333334,Élite Inalcanzable
487,GiratinaOrigin Forme,Ghost,Dragon,680,150,120,100,120,100,90,4,True,2,3.45774672751871,-0.08218419065651528,1.2,Élite Inalcanzable
488,Cresselia,Psychic,,600,120,70,120,75,130,85,4,False,2,2.3527793586771493,-1.197481773300677,0.5833333333333334,Élite Inalcanzable
489,Phione,Water,,480,80,80,80,80,80,80,4,False,1,0.6158789008859158,0.10767483755912173,1.0,Relámpagos Letales
490,Manaphy,Water,,600,100,100,100,100,100,100,4,False,2,2.258897043189965,0.12012651939475934,1.0,Élite Inalcanzable
491,Darkrai,Dark,,600,70,90,90,135,90,125,4,True,2,2.165158624800575,1.4062508963456388,1.0,Élite Inalcanzable
492,ShayminLand Forme,Grass,,600,100,100,100,100,100,100,4,True,2,2.258897043189965,0.12012651939475934,1.0,Élite Inalcanzable
492,ShayminSky Forme,Grass,Flying,600,100,103,75,120,75,127,4,True,2,2.1959437391119465,1.6488080836193812,1.3733333333333333,Élite Inalcanzable
493,Arceus,Normal,,720,120,120,120,120,120,120,4,True,2,3.901915185494015,0.13257820123039687,1.0,Élite Inalcanzable
494,Victini,Psychic,Fire,600,100,100,100,100,100,100,5,True,2,2.258897043189965,0.12012651939475934,1.0,Élite Inalcanzable
495,Snivy,Grass,,308,45,45,55,45,55,63,5,False,0,-1.7734919239373317,0.21245011223316923,0.8181818181818182,Básico
496,Servine,Grass,,413,60,60,75,60,75,83,5,False,1,-0.34447310983633406,0.1930042401916234,0.8,Relámpagos Letales
497,Serperior,Grass,,528,75,75,95,75,95,113,5,False,1,1.2000463410933122,0.4037270990537792,0.7894736842105263,Relámpagos Letales
498,Tepig,Fire,,308,65,63,45,45,45,45,5,False,0,-1.7100832378291653,0.025958163353580862,1.4,Básico
499,Pignite,Fire,Fighting,418,90,93,55,70,55,55,5,False,1,-0.17886758815496065,0.12969941556342093,1.690909090909091,Relámpagos Letales
500,Emboar,Fire,Fighting,528,110,123,65,100,65,65,5,False,2,1.3458544596942115,0.2967595368754091,1.8923076923076922,Élite Inalcanzable
501,Oshawott,Water,,308,55,55,45,63,45,45,5,False,0,-1.7195664857680693,0.22439444075621123,1.2222222222222223,Básico
502,Dewott,Water,,413,75,75,60,83,60,60,5,False,1,-0.27330355083697966,0.2656307560101227,1.25,Relámpagos Letales
503,Samurott,Water,,528,95,100,85,108,70,70,5,False,3,1.2888918477833957,0.08151987913463904,1.1764705882352942,Murallas Eternas
504,Patrat,Normal,,255,45,55,39,35,39,42,5,False,0,-2.4652388505840794,0.09972839972187715,1.4102564102564104,Básico
505,Watchog,Normal,,420,60,85,69,60,69,77,5,False,1,-0.24203638911877132,0.23665954859590768,1.2318840579710144,Relámpagos Letales
506,Lillipup,Normal,,275,45,60,45,25,45,55,5,False,0,-2.220370694508447,0.13473402759415046,1.3333333333333333,Básico
507,Herdier,Normal,,370,65,80,65,35,65,60,5,False,0,-0.8904006399123678,-0.2914610602446248,1.2307692307692308,Básico
508,Stoutland,Normal,,500,85,110,90,45,90,80,5,False,3,0.8872424467113668,-0.5126265512770302,1.2222222222222223,Murallas Eternas
509,Purrloin,Dark,,281,41,50,37,50,37,66,5,False,0,-2.1627659074403285,0.8612463397108048,1.3513513513513513,Básico
510,Liepard,Dark,,446,64,88,50,88,50,106,5,False,1,0.05786774133732475,1.7001493730580342,1.76,Relámpagos Letales
511,Pansage,Grass,,316,50,53,48,53,48,64,5,False,0,-1.6599850805061918,0.4978928894108385,1.1041666666666667,Básico
512,Simisage,Grass,,498,75,98,63,98,63,101,5,False,1,0.8048072242330636,1.2714763118096821,1.5555555555555556,Relámpagos Letales
513,Pansear,Fire,,316,50,53,48,53,48,64,5,False,0,-1.6599850805061918,0.4978928894108385,1.1041666666666667,Básico
514,Simisear,Fire,,498,75,98,63,98,63,101,5,False,1,0.8048072242330636,1.2714763118096821,1.5555555555555556,Relámpagos Letales
515,Panpour,Water,,316,50,53,48,53,48,64,5,False,0,-1.6599850805061918,0.4978928894108385,1.1041666666666667,Básico
516,Simipour,Water,,498,75,98,63,98,63,101,5,False,1,0.8048072242330636,1.2714763118096821,1.5555555555555556,Relámpagos Letales
517,Munna,Psychic,,292,76,25,45,67,55,24,5,False,0,-1.8303139904526202,-0.38832184886479554,0.5555555555555556,Básico
518,Musharna,Psychic,,487,116,55,85,107,95,29,5,False,3,0.9160528774291616,-1.1726545426774184,0.6470588235294118,Murallas Eternas
519,Pidove,Normal,Flying,264,50,55,50,36,30,43,5,False,0,-2.380085024500429,-0.02910841015578705,1.1,Básico
520,Tranquill,Normal,Flying,358,62,77,62,50,42,65,5,False,0,-1.115396887970305,0.23085556383401146,1.2419354838709677,Básico
521,Unfezant,Normal,Flying,488,80,115,80,65,55,93,5,False,1,0.6270705941915211,0.4944888999502813,1.4375,Relámpagos Letales
522,Blitzle,Electric,,295,45,60,32,50,32,76,5,False,0,-1.9897392372982445,1.2256319428513993,1.875,Básico
523,Zebstrika,Electric,,497,75,100,63,80,63,116,5,False,1,0.7535067786042519,1.4493498960554745,1.5873015873015872,Relámpagos Letales
524,Roggenrola,Rock,,280,55,75,85,25,25,15,5,False,0,-2.1821606361365564,-1.4488463639144613,0.8823529411764706,Básico
525,Boldore,Rock,,390,70,105,105,50,40,20,5,False,3,-0.6641145817275269,-1.671698215097018,1.0,Murallas Eternas
526,Gigalith,Rock,,515,85,135,130,60,80,25,5,False,3,1.1058195375548854,-2.3504503547850626,1.0384615384615385,Murallas Eternas
527,Woobat,Psychic,Flying,313,55,45,43,55,43,72,5,False,0,-1.7105716157122148,0.8250371757682251,1.0465116279069768,Básico
528,Swoobat,Psychic,Flying,425,67,57,55,77,55,114,5,False,1,-0.23846168737884108,1.6164080508995728,1.0363636363636364,Relámpagos Letales
529,Drilbur,Ground,,328,60,85,40,30,45,68,5,False,0,-1.4909619969665726,0.5407816693584515,2.125,Básico
530,Excadrill,Ground,Steel,508,110,135,60,50,65,88,5,False,1,1.0166607171607998,0.46443765450060903,2.25,Relámpagos Letales
531,Audino,Normal,,445,103,60,86,60,86,50,5,False,3,0.23715818963288757,-1.0260138483122399,0.6976744186046512,Murallas Eternas
531,AudinoMega Audino,Normal,Fairy,545,103,60,126,80,126,50,5,False,3,1.628791566231967,-1.9901784926355184,0.47619047619047616,Murallas Eternas
532,Timburr,Fighting,,305,75,80,55,25,35,35,5,False,0,-1.76675368086344,-0.533841848310853,1.4545454545454546,Básico
533,Gurdurr,Fighting,,405,85,105,85,40,50,40,5,False,3,-0.4158851802788118,-1.037055697941737,1.2352941176470589,Murallas Eternas
534,Conkeldurr,Fighting,,505,105,140,95,55,65,45,5,False,3,0.9897441630246244,-1.166332897313687,1.4736842105263157,Murallas Eternas
535,Tympole,Water,,294,50,50,40,50,40,64,5,False,0,-1.9649571989273218,0.6989715358110975,1.25,Básico
536,Palpitoad,Water,Ground,384,75,65,55,65,55,69,5,False,0,-0.6954098929128717,0.4448975013986884,1.1818181818181819,Básico
537,Seismitoad,Water,Ground,509,105,95,75,85,75,74,5,False,3,1.062558818089312,0.08249752131428009,1.2666666666666666,Murallas Eternas
538,Throh,Fighting,,465,120,100,85,30,85,45,5,False,3,0.5336176187316336,-1.4344383469681181,1.1764705882352942,Murallas Eternas
539,Sawk,Fighting,,465,75,125,75,30,75,85,5,False,1,0.3686238451762962,-0.06731338532624628,1.6666666666666667,Relámpagos Letales
540,Sewaddle,Bug,Grass,310,45,53,70,40,60,42,5,False,0,-1.7218828476793706,-0.6603212666491193,0.7571428571428571,Básico
541,Swadloon,Bug,Grass,380,55,63,90,50,80,42,5,False,3,-0.7378646354387232,-1.1720021543752517,0.7,Murallas Eternas
542,Leavanny,Bug,Grass,500,75,103,80,70,80,92,5,False,1,0.8497498965576726,0.3154903222055883,1.2875,Relámpagos Letales
543,Venipede,Bug,Poison,260,30,45,59,30,39,57,5,False,0,-2.493039472349943,0.04097004160178337,0.7627118644067796,Básico
544,Whirlipede,Bug,Poison,360,40,55,99,40,79,47,5,False,0,-1.068502341103402,-1.2763555725085503,0.5555555555555556,Básico
545,Scolipede,Bug,Poison,485,60,100,89,55,69,112,5,False,1,0.5288837365103702,0.5974863032574191,1.1235955056179776,Relámpagos Letales
546,Cottonee,Grass,Fairy,280,40,27,60,37,50,66,5,False,0,-2.1931070933526335,0.15894731747262456,0.45,Básico
547,Whimsicott,Grass,Fairy,480,60,67,85,77,75,116,5,False,1,0.48584648897808425,0.912114538428847,0.788235294117647,Relámpagos Letales
548,Petilil,Grass,,280,45,35,50,70,50,30,5,False,0,-2.0795732710940626,-0.17339901690271278,0.7,Básico
549,Lilligant,Grass,,480,70,60,75,110,75,90,5,False,1,0.5881473343837664,0.7878466535330803,0.8,Relámpagos Letales
550,Basculin,Water,,460,70,92,65,80,55,98,5,False,1,0.25519223227164894,1.0771746036952616,1.4153846153846155,Relámpagos Letales
551,Sandile,Ground,Dark,292,50,72,35,35,35,65,5,False,0,-2.0041899096832867,0.7337869962993749,2.057142857142857,Básico
552,Krokorok,Ground,Dark,351,60,82,45,45,45,74,5,False,0,-1.1942309022141266,0.7169959641268234,1.8222222222222222,Básico
553,Krookodile,Ground,Dark,519,95,117,80,65,70,92,5,False,1,1.11371462820564,0.29337944465314203,1.4625,Relámpagos Letales
554,Darumaka,Fire,,315,70,90,45,15,45,50,5,False,0,-1.6297057416219767,-0.14591767542732306,2.0,Básico
555,DarmanitanStandard Mode,Fire,,480,105,140,55,30,55,95,5,False,1,0.5895837162546561,0.6440673953830613,2.5454545454545454,Relámpagos Letales
555,DarmanitanZen Mode,Fire,Psychic,540,105,30,105,140,105,55,5,False,3,1.5658094495548776,-0.7280676029558949,0.2857142857142857,Murallas Eternas
556,Maractus,Grass,,461,75,86,67,106,67,60,5,False,1,0.39179560498325383,0.2830296554783629,1.2835820895522387,Relámpagos Letales
557,Dwebble,Bug,Rock,325,50,65,85,35,35,55,5,False,0,-1.6308808749344186,-0.5077716236875549,0.7647058823529411,Básico
558,Crustle,Bug,Rock,475,70,95,125,65,75,45,5,False,3,0.4968692330092701,-1.664262957403719,0.76,Murallas Eternas
559,Scraggy,Dark,Fighting,348,50,75,70,35,70,48,5,False,0,-1.186881613233726,-0.6634891885315095,1.0714285714285714,Básico
560,Scrafty,Dark,Fighting,488,65,90,115,45,115,58,5,False,3,0.7517624425993026,-1.679145622486811,0.782608695652174,Murallas Eternas
561,Sigilyph,Psychic,Flying,490,72,58,80,103,80,97,5,False,1,0.7136181060547616,0.7323422821310688,0.725,Relámpagos Letales
562,Yamask,Ghost,,303,38,30,85,55,65,30,5,False,0,-1.8134712508869173,-1.1271836435554714,0.35294117647058826,Básico
563,Cofagrigus,Ghost,,483,58,50,145,95,105,30,5,False,3,0.6676001197466711,-2.3672932881934434,0.3448275862068966,Murallas Eternas
564,Tirtouga,Water,Rock,355,54,78,103,53,45,22,5,False,0,-1.15185600900589,-1.5569303846023919,0.7572815533980582,Básico
565,Carracosta,Water,Rock,495,74,108,133,83,65,32,5,False,3,0.7675961573717034,-1.8793758689423672,0.8120300751879699,Murallas Eternas
566,Archen,Rock,Flying,401,55,112,45,74,45,70,5,False,1,-0.5051600773764879,0.923328654795582,2.488888888888889,Relámpagos Letales
567,Archeops,Rock,Flying,567,75,140,65,112,65,110,5,False,1,1.7288279272826907,1.5671428098693252,2.1538461538461537,Relámpagos Letales
568,Trubbish,Poison,,329,50,50,62,40,62,65,5,False,0,-1.4815827562914567,-0.004428859445942057,0.8064516129032258,Básico
569,Garbodor,Poison,,474,80,95,82,60,82,75,5,False,3,0.5372620548641207,-0.24627622509708624,1.1585365853658536,Murallas Eternas
570,Zorua,Dark,,330,40,65,40,80,40,65,5,False,0,-1.4836742922254587,1.0408817427248973,1.625,Básico
571,Zoroark,Dark,,510,60,105,60,120,60,105,5,False,1,0.9407737643179749,1.707749231647543,1.75,Relámpagos Letales
572,Minccino,Normal,,300,55,50,40,40,40,75,5,False,0,-1.901311462823274,0.8421414340435911,1.25,Básico
573,Cinccino,Normal,,470,75,95,60,65,60,115,5,False,1,0.3811494889356872,1.3707411626484178,1.5833333333333333,Relámpagos Letales
574,Gothita,Psychic,,290,45,30,50,55,65,45,5,False,0,-1.9417924525024253,-0.09901476492872598,0.6,Básico
575,Gothorita,Psychic,,390,60,45,70,75,85,55,5,False,0,-0.558375708997578,-0.3019325312145433,0.6428571428571429,Básico
576,Gothitelle,Psychic,,490,70,55,95,95,110,65,5,False,3,0.8199451614953509,-0.6339200135882389,0.5789473684210527,Murallas Eternas
577,Solosis,Psychic,,290,45,30,40,105,50,20,5,False,0,-1.8902128788193953,0.12325496706083906,0.75,Básico
578,Duosion,Psychic,,370,65,40,50,125,60,30,5,False,0,-0.7761223390873115,0.18963041641208264,0.8,Básico
579,Reuniclus,Psychic,,490,110,65,75,125,85,30,5,False,3,0.9449745877887589,-0.6701991216206464,0.8666666666666667,Murallas Eternas
580,Ducklett,Water,Flying,305,62,44,50,44,50,55,5,False,0,-1.772685382992386,0.10596529881111197,0.88,Básico
581,Swanna,Water,Flying,473,75,87,63,87,63,98,5,False,1,0.46742128086432183,1.095682602634789,1.380952380952381,Relámpagos Letales
582,Vanillite,Ice,,305,36,50,50,65,60,44,5,False,0,-1.7608616292248174,0.05155788725280867,1.0,Básico
583,Vanillish,Ice,,395,51,65,65,80,75,59,5,False,0,-0.52859802249678,0.060896648629536754,1.0,Básico
584,Vanilluxe,Ice,,535,71,95,85,110,95,79,5,False,2,1.3896344400983125,0.17038750310497688,1.1176470588235294,Élite Inalcanzable
585,Deerling,Normal,Grass,335,60,60,50,40,50,75,5,False,0,-1.4114923290224257,0.5414269031815657,1.2,Básico
586,Sawsbuck,Normal,Grass,475,80,100,70,60,70,95,5,False,1,0.502360188933716,0.5611695836590878,1.4285714285714286,Relámpagos Letales
587,Emolga,Electric,Flying,428,55,75,60,75,60,103,5,False,1,-0.1940571906759098,1.2471294900118228,1.25,Relámpagos Letales
588,Karrablast,Bug,,315,50,75,45,40,45,60,5,False,0,-1.6734067276000275,0.3787551195629872,1.6666666666666667,Básico
589,Escavalier,Bug,Steel,495,70,135,105,60,105,20,5,False,3,0.9303154567053984,-2.1261755777008156,1.2857142857142858,Murallas Eternas
590,Foongus,Grass,Poison,294,69,55,45,55,55,15,5,False,0,-1.8027185943588058,-0.6733387712781279,1.2222222222222223,Básico
591,Amoonguss,Grass,Poison,464,114,85,70,85,80,30,5,False,3,0.5787292790682518,-0.9059114433382526,1.2142857142857142,Murallas Eternas
592,Frillish,Water,Ghost,335,55,40,50,65,85,40,5,False,0,-1.248965239898402,-0.3222448022832819,0.8,Básico
593,Jellicent,Water,Ghost,480,100,60,70,85,105,60,5,False,3,0.7760137426933016,-0.3929032826612333,0.8571428571428571,Murallas Eternas
594,Alomomola,Water,,470,165,75,80,40,45,65,5,False,3,0.5498846482765289,-0.5946538888586693,0.9375,Murallas Eternas
595,Joltik,Bug,Electric,319,50,47,50,57,50,65,5,False,0,-1.6181645209495013,0.4985323326881374,0.94,Básico
596,Galvantula,Bug,Electric,472,70,77,60,97,60,108,5,False,1,0.4275067608992096,1.5185429393012015,1.2833333333333334,Relámpagos Letales
597,Ferroseed,Grass,Steel,305,44,50,91,24,86,10,5,False,0,-1.7065986351550315,-2.1912953163276727,0.5494505494505495,Básico
598,Ferrothorn,Grass,Steel,489,74,94,131,54,116,20,5,False,3,0.8332317082113594,-2.829619164244014,0.7175572519083969,Murallas Eternas
599,Klink,Steel,,300,40,55,70,45,60,30,5,False,0,-1.8398937761335723,-0.8724757747672247,0.7857142857142857,Básico
600,Klang,Steel,,440,60,80,95,70,85,50,5,False,3,0.07973641527463457,-0.9553735054818109,0.8421052631578947,Murallas Eternas
601,Klinklang,Steel,,520,60,100,115,70,85,90,5,False,3,1.0460140194636218,-0.43094279904854726,0.8695652173913043,Murallas Eternas
602,Tynamo,Electric,,275,35,55,40,45,40,60,5,False,0,-2.2425239301508486,0.6118960537788111,1.375,Básico
603,Eelektrik,Electric,,405,65,85,70,75,70,40,5,False,3,-0.3554999008380192,-0.5202700779862408,1.2142857142857142,Murallas Eternas
604,Eelektross,Electric,,515,85,115,80,105,80,50,5,False,3,1.1692221470111528,-0.35320995667425265,1.4375,Murallas Eternas
605,Elgyem,Psychic,,335,55,55,55,85,55,30,5,False,0,-1.3072539716707778,-0.2031305720380984,1.0,Básico
606,Beheeyem,Psychic,,485,75,75,75,125,95,40,5,False,3,0.8224366733468599,-0.40600105412551407,1.0,Murallas Eternas
607,Litwick,Ghost,Fire,275,50,30,55,65,55,20,5,False,0,-2.1172840110520665,-0.6125783654391584,0.5454545454545454,Básico
608,Lampent,Ghost,Fire,370,60,40,60,95,60,55,5,False,0,-0.8664339718570611,0.29972564824576,0.6666666666666666,Básico
609,Chandelure,Ghost,Fire,520,60,55,90,145,90,80,5,False,1,1.1584583980304293,0.4843700978599795,0.6111111111111112,Relámpagos Letales
610,Axew,Dragon,,320,46,87,60,30,40,57,5,False,0,-1.6520313679047245,-0.025683164840981362,1.45,Básico
611,Fraxure,Dragon,,410,66,117,70,40,50,67,5,False,1,-0.40690358498554596,-0.04541039016671377,1.6714285714285715,Relámpagos Letales
612,Haxorus,Dragon,,540,76,147,90,60,70,97,5,False,1,1.3342480458581367,0.23409958677900322,1.6333333333333333,Relámpagos Letales
613,Cubchoo,Ice,,305,55,70,40,60,40,40,5,False,0,-1.7551350511414594,0.2306292211602404,1.75,Básico
614,Beartic,Ice,,485,95,110,80,70,80,50,5,False,3,0.7650079255857023,-0.7151546278361703,1.375,Murallas Eternas
615,Cryogonal,Ice,,485,70,50,30,95,135,105,5,False,1,0.8587804941897534,1.3814956372208957,1.6666666666666667,Relámpagos Letales
616,Shelmet,Bug,,305,50,40,85,40,65,25,5,False,0,-1.7621588768346175,-1.4186058975271931,0.47058823529411764,Básico
617,Accelgor,Bug,,495,80,70,40,100,60,145,5,False,1,0.7213498803192394,2.765924647053888,1.75,Relámpagos Letales
618,Stunfisk,Ground,Electric,471,109,66,84,81,99,32,5,False,3,0.6820841362582055,-1.3333579745027462,0.7857142857142857,Murallas Eternas
619,Mienfoo,Fighting,,350,45,85,50,55,50,65,5,False,0,-1.2079308017610566,0.5103285278866634,1.7,Básico
620,Mienshao,Fighting,,510,65,125,60,95,60,105,5,False,1,0.9385074768651054,1.464934014549559,2.0833333333333335,Relámpagos Letales
621,Druddigon,Dragon,,485,77,120,90,60,90,48,5,False,3,0.7405258264911823,-1.0788352289612944,1.3333333333333333,Murallas Eternas
622,Golett,Ground,Ghost,303,59,74,50,35,50,35,5,False,0,-1.7690878132245618,-0.41751675155480833,1.48,Básico
623,Golurk,Ground,Ghost,483,89,124,80,55,80,55,5,False,3,0.7109760065899589,-0.7151106343820296,1.55,Murallas Eternas
624,Pawniard,Dark,Steel,340,45,85,70,40,40,60,5,False,0,-1.4032255749566984,-0.06241117353836917,1.2142857142857142,Básico
625,Bisharp,Dark,Steel,490,65,125,100,60,70,70,5,False,3,0.6731360840880659,-0.5605752217047987,1.25,Murallas Eternas
626,Bouffalant,Normal,,490,95,110,95,40,95,55,5,False,3,0.8203815134809431,-1.311858278951275,1.1578947368421053,Murallas Eternas
627,Rufflet,Normal,Flying,350,70,83,50,37,50,60,5,False,0,-1.1624385558899308,0.1432962883830867,1.66,Básico
628,Braviary,Normal,Flying,510,100,123,75,57,75,80,5,False,3,1.0432031871399077,-0.014074094894951768,1.64,Murallas Eternas
629,Vullaby,Dark,Flying,370,70,55,75,45,65,60,5,False,0,-0.8960339683438051,-0.42557077558255146,0.7333333333333333,Básico
630,Mandibuzz,Dark,Flying,510,110,65,105,55,95,80,5,False,3,1.055348303816596,-0.8643843938978374,0.6190476190476191,Murallas Eternas
631,Heatmor,Fire,,484,85,97,66,105,66,65,5,False,1,0.7095084750830637,0.3883144377399535,1.4696969696969697,Relámpagos Letales
632,Durant,Bug,Steel,484,58,109,112,48,48,109,5,False,1,0.41744311961949615,0.18946219547202572,0.9732142857142857,Relámpagos Letales
633,Deino,Dark,Dragon,300,52,65,50,45,50,38,5,False,0,-1.8234649940349548,-0.2350825629338807,1.3,Básico
634,Zweilous,Dark,Dragon,420,72,85,70,65,70,58,5,False,3,-0.18044685173090494,-0.22263088109824297,1.2142857142857142,Murallas Eternas
635,Hydreigon,Dark,Dragon,600,92,105,90,125,90,98,5,False,2,2.2527610940904306,0.623732955820239,1.1666666666666667,Élite Inalcanzable
636,Larvesta,Bug,Fire,360,55,85,55,50,55,60,5,False,0,-1.0437904613341824,0.171434262019822,1.5454545454545454,Básico
637,Volcarona,Bug,Fire,550,85,60,65,135,105,100,5,False,2,1.6494652778547148,1.145489908831885,0.9230769230769231,Élite Inalcanzable
638,Cobalion,Steel,Fighting,580,91,90,129,90,72,108,5,True,2,1.8254558931734806,-0.10726698154925882,0.6976744186046512,Élite Inalcanzable
639,Terrakion,Rock,Fighting,580,91,129,90,72,90,108,5,True,2,1.9370597460256,0.3709888229927862,1.4333333333333333,Élite Inalcanzable
640,Virizion,Grass,Fighting,580,91,90,72,90,129,108,5,True,2,2.0794997443348193,0.5527771615248541,1.25,Élite Inalcanzable
641,TornadusIncarnate Forme,Flying,,580,79,115,70,125,80,111,5,True,2,1.9449793543157186,1.4593206953190232,1.6428571428571428,Élite Inalcanzable
641,TornadusTherian Forme,Flying,,580,79,100,80,110,90,121,5,True,2,1.9256682886250749,1.2561926695227714,1.25,Élite Inalcanzable
642,ThundurusIncarnate Forme,Electric,Flying,580,79,115,70,125,80,111,5,True,2,1.9449793543157186,1.4593206953190232,1.6428571428571428,Élite Inalcanzable
642,ThundurusTherian Forme,Electric,Flying,580,79,105,70,145,80,101,5,True,2,1.9736557945910176,1.4122938117320998,1.5,Élite Inalcanzable
643,Reshiram,Dragon,Fire,680,100,120,100,150,120,90,5,True,2,3.4357953189506363,0.1922763740701713,1.2,Élite Inalcanzable
644,Zekrom,Dragon,Electric,680,100,150,120,120,100,90,5,True,2,3.33351729164384,-0.3085625840899383,1.25,Élite Inalcanzable
645,LandorusIncarnate Forme,Ground,Flying,600,89,125,90,115,80,101,5,True,2,2.21132379018548,0.7026245097085403,1.3888888888888888,Élite Inalcanzable
645,LandorusTherian Forme,Ground,Flying,600,89,145,90,105,80,91,5,True,2,2.226860396543926,0.3863531041278627,1.6111111111111112,Élite Inalcanzable
646,Kyurem,Dragon,Ice,660,125,130,90,130,90,95,5,True,2,3.1307407480191523,0.5007875073889766,1.4444444444444444,Élite Inalcanzable
646,KyuremBlack Kyurem,Dragon,Ice,700,125,170,100,120,90,95,5,True,2,3.649332707469489,0.2202082234421714,1.7,Élite Inalcanzable
646,KyuremWhite Kyurem,Dragon,Ice,700,125,120,90,170,100,95,5,True,2,3.7158015273592158,0.7847463115149396,1.3333333333333333,Élite Inalcanzable
647,KeldeoOrdinary Forme,Water,Fighting,580,91,72,90,129,90,108,5,False,2,1.9620254304676203,0.8825534147809191,0.8,Élite Inalcanzable
647,KeldeoResolute Forme,Water,Fighting,580,91,72,90,129,90,108,5,False,2,1.9620254304676203,0.8825534147809191,0.8,Élite Inalcanzable
648,MeloettaAria Forme,Normal,Psychic,600,100,77,77,128,128,90,5,False,2,2.4065224863148975,0.36642383202274015,1.0,Élite Inalcanzable
648,MeloettaPirouette Forme,Normal,Fighting,600,100,128,90,77,77,128,5,False,2,2.152247501138389,0.9595004199077302,1.4222222222222223,Élite Inalcanzable
649,Genesect,Bug,Steel,600,71,120,95,120,95,99,5,False,2,2.2156961563968722,0.531464778621882,1.263157894736842,Élite Inalcanzable
650,Chespin,Grass,,313,56,61,65,48,45,38,6,False,0,-1.6801432027161856,-0.4814865035740762,0.9384615384615385,Básico
651,Quilladin,Grass,,405,61,78,95,56,58,57,6,False,3,-0.4824156090765382,-0.6969399903113088,0.8210526315789474,Murallas Eternas
652,Chesnaught,Grass,Fighting,530,88,107,122,74,75,64,6,False,3,1.2446341904172211,-1.137822497934851,0.8770491803278688,Murallas Eternas
653,Fennekin,Fire,,307,40,45,40,62,60,60,6,False,0,-1.7413149501166263,0.5784569870001415,1.125,Básico
654,Braixen,Fire,,409,59,59,58,90,70,73,6,False,1,-0.34847179935611855,0.6319665141651332,1.0172413793103448,Relámpagos Letales
655,Delphox,Fire,Psychic,534,75,69,72,114,100,104,6,False,1,1.3722422071128046,0.9797035708741109,0.9583333333333334,Relámpagos Letales
656,Froakie,Water,,314,41,56,40,62,44,71,6,False,0,-1.7080900090747502,0.9698808574843638,1.4,Básico
657,Frogadier,Water,,405,54,63,52,83,56,97,6,False,1,-0.48719097321523147,1.3784952396888883,1.2115384615384615,Relámpagos Letales
658,Greninja,Water,Dark,530,72,95,67,103,71,122,6,False,1,1.2065163567127497,1.6609236980087194,1.4179104477611941,Relámpagos Letales
659,Bunnelby,Normal,,237,38,36,38,32,36,57,6,False,0,-2.7582275924835873,0.4792756685315187,0.9473684210526315,Básico
660,Diggersby,Normal,Ground,423,85,56,77,50,77,78,6,False,1,-0.15862463997496584,-0.15758976006910352,0.7272727272727273,Relámpagos Letales
661,Fletchling,Normal,Flying,278,45,50,43,40,38,62,6,False,0,-2.201488412093459,0.5328299443464078,1.1627906976744187,Básico
662,Fletchinder,Fire,Flying,382,62,73,55,56,52,84,6,False,1,-0.7866490747689752,0.7780210925236474,1.3272727272727274,Relámpagos Letales
663,Talonflame,Fire,Flying,499,78,81,71,74,69,126,6,False,1,0.7638217147915266,1.3935864345659466,1.1408450704225352,Relámpagos Letales
664,Scatterbug,Bug,,200,38,35,40,27,25,35,6,False,0,-3.249843591436222,-0.01994301881910256,0.875,Básico
665,Spewpa,Bug,,213,45,22,60,27,30,29,6,False,0,-3.074151882551367,-0.6325746626360488,0.36666666666666664,Básico
666,Vivillon,Bug,Flying,411,80,52,50,90,50,89,6,False,1,-0.35357085316804615,1.2612269638134248,1.04,Relámpagos Letales
667,Litleo,Fire,Normal,369,62,50,58,73,54,72,6,False,0,-0.9317802561281956,0.5744788513038795,0.8620689655172413,Básico
668,Pyroar,Fire,Normal,507,86,68,72,109,66,106,6,False,1,0.9315807323491857,1.2344067845063702,0.9444444444444444,Relámpagos Letales
669,Flabébé,Fairy,,303,44,38,39,61,79,42,6,False,0,-1.7020962098663857,-0.004202551320288382,0.9743589743589743,Básico
670,Floette,Fairy,,371,54,45,47,75,98,52,6,False,0,-0.7434770166228962,0.0012672798654523112,0.9574468085106383,Básico
671,Florges,Fairy,,552,78,65,68,112,154,75,6,False,2,1.82527418472942,-0.10142896451381253,0.9558823529411765,Élite Inalcanzable
672,Skiddo,Grass,,350,66,65,48,62,57,52,6,False,0,-1.12065236873121,0.17955546283612206,1.3541666666666667,Básico
673,Gogoat,Grass,,531,123,100,62,97,81,68,6,False,2,1.4487726134594308,0.20916778000948474,1.6129032258064515,Élite Inalcanzable
674,Pancham,Fighting,,348,67,82,62,46,48,43,6,False,0,-1.1845427176251044,-0.3792546301610446,1.3225806451612903,Básico
675,Pangoro,Fighting,Dark,495,95,124,78,69,71,58,6,False,3,0.8645082230608468,-0.41752843896775077,1.5897435897435896,Murallas Eternas
676,Furfrou,Normal,,472,75,80,60,65,90,102,6,False,1,0.5117411912377393,0.8081423940065842,1.3333333333333333,Relámpagos Letales
677,Espurr,Psychic,,355,62,48,54,63,60,68,6,False,0,-1.0947755547506484,0.4174133950269141,0.8888888888888888,Básico
678,MeowsticMale,Psychic,,466,74,48,76,83,81,104,6,False,1,0.37945477378794057,0.768488739009742,0.631578947368421,Relámpagos Letales
678,MeowsticFemale,Psychic,,466,74,48,76,83,81,104,6,False,1,0.37945477378794057,0.768488739009742,0.631578947368421,Relámpagos Letales
679,Honedge,Steel,Ghost,325,45,80,100,35,37,28,6,False,0,-1.6086605823122835,-1.4269824055366962,0.8,Básico
680,Doublade,Steel,Ghost,448,59,110,150,45,49,35,6,False,3,0.009285657795087032,-2.3200783208148397,0.7333333333333333,Murallas Eternas
681,AegislashBlade Forme,Steel,Ghost,520,60,150,50,150,50,60,6,False,1,1.1717798632839809,1.2563137072219563,3.0,Relámpagos Letales
681,AegislashShield Forme,Steel,Ghost,520,60,50,150,50,150,60,6,False,3,1.199734439546266,-2.591457996578566,0.3333333333333333,Murallas Eternas
682,Spritzee,Fairy,,341,78,52,60,63,65,23,6,False,0,-1.1652296845453012,-0.8341239577893597,0.8666666666666667,Básico
683,Aromatisse,Fairy,,462,101,72,72,99,89,29,6,False,3,0.5567377814106822,-0.8774259109764022,1.0,Murallas Eternas
684,Swirlix,Fairy,,341,62,48,66,59,57,49,6,False,0,-1.278468040169537,-0.2735946755631588,0.7272727272727273,Básico
685,Slurpuff,Fairy,,480,82,80,86,85,75,72,6,False,3,0.6133213105921366,-0.11448749331425677,0.9302325581395349,Murallas Eternas
686,Inkay,Dark,Psychic,288,53,54,53,37,46,45,6,False,0,-2.017632399963146,-0.1821559721400573,1.0188679245283019,Básico
687,Malamar,Dark,Psychic,482,86,92,88,68,75,73,6,False,3,0.6341746770440164,-0.29951641321733546,1.0454545454545454,Murallas Eternas
688,Binacle,Rock,Water,306,42,52,67,39,56,50,6,False,0,-1.8023709481858676,-0.3809985414195789,0.7761194029850746,Básico
689,Barbaracle,Rock,Water,500,72,105,115,54,86,68,6,False,3,0.8354159474783082,-1.1334110515317726,0.9130434782608695,Murallas Eternas
690,Skrelp,Poison,Water,320,50,60,60,60,60,30,6,False,0,-1.5264254880191424,-0.5620389721021851,1.0,Básico
691,Dragalge,Poison,Dragon,494,65,75,90,97,123,44,6,False,3,0.9511115564351316,-1.085560285558878,0.8333333333333334,Murallas Eternas
692,Clauncher,Water,,330,50,53,62,58,63,44,6,False,0,-1.4157451551161988,-0.32717797155633793,0.8548387096774194,Básico
693,Clawitzer,Water,,500,71,73,88,120,89,59,6,False,3,0.9387549254883824,-0.21352443236603155,0.8295454545454546,Murallas Eternas
694,Helioptile,Electric,Normal,289,44,38,33,61,43,70,6,False,0,-2.0293686054148963,1.0708238633398344,1.1515151515151516,Básico
695,Heliolisk,Electric,Normal,481,62,55,52,109,94,109,6,False,1,0.6416759157826137,1.541322134688828,1.0576923076923077,Relámpagos Letales
696,Tyrunt,Rock,Dragon,362,58,89,77,45,45,48,6,False,0,-1.0567923037577147,-0.5178984190385381,1.155844155844156,Básico
697,Tyrantrum,Rock,Dragon,521,82,121,119,69,59,71,6,False,3,1.060420329379065,-0.8002681788819379,1.0168067226890756,Murallas Eternas
698,Amaura,Rock,Ice,362,77,59,50,67,63,46,6,False,0,-0.9131239970590579,-0.042540465492677766,1.18,Básico
699,Aurorus,Rock,Ice,521,123,77,72,99,92,58,6,False,3,1.343910592771759,-0.3070419013917153,1.0694444444444444,Murallas Eternas
700,Sylveon,Fairy,,525,95,65,65,110,130,60,6,False,2,1.4616864226710151,-0.25501648787637693,1.0,Élite Inalcanzable
701,Hawlucha,Fighting,Flying,500,78,92,75,74,63,118,6,False,1,0.770294585798045,1.184336689828458,1.2266666666666666,Relámpagos Letales
702,Dedenne,Electric,Fairy,431,67,58,57,81,67,101,6,False,1,-0.10226055059790548,1.2113927306078132,1.0175438596491229,Relámpagos Letales
703,Carbink,Rock,Fairy,500,50,50,150,50,150,50,6,False,3,0.9314494666025557,-2.788382662596832,0.3333333333333333,Murallas Eternas
704,Goomy,Dragon,,300,45,50,35,55,75,40,6,False,0,-1.742499468875261,0.009872890300342291,1.4285714285714286,Básico
705,Sliggoo,Dragon,,452,68,75,53,83,113,60,6,False,1,0.3928771931771168,-0.02550413912311377,1.4150943396226414,Relámpagos Letales
706,Goodra,Dragon,,600,90,100,70,110,150,80,6,False,2,2.4711947305797612,-0.038122329615887136,1.4285714285714286,Élite Inalcanzable
707,Klefki,Steel,Fairy,470,57,80,91,80,87,75,6,False,1,0.44801959019349974,-0.2130718202390875,0.8791208791208791,Relámpagos Letales
708,Phantump,Ghost,Grass,309,43,70,48,50,60,38,6,False,0,-1.6854183672090972,-0.20226018646328064,1.4583333333333333,Básico
709,Trevenant,Ghost,Grass,474,85,110,76,65,82,56,6,False,3,0.597195156552096,-0.5269931958689656,1.4473684210526316,Murallas Eternas
710,PumpkabooAverage Size,Ghost,Grass,335,49,66,70,44,55,51,6,False,0,-1.4055020615807643,-0.38138522143092496,0.9428571428571428,Básico
710,PumpkabooSmall Size,Ghost,Grass,335,44,66,70,44,55,56,6,False,0,-1.4241439112239702,-0.24967882353635634,0.9428571428571428,Básico
710,PumpkabooLarge Size,Ghost,Grass,335,54,66,70,44,55,46,6,False,0,-1.386860211937558,-0.5130916193254936,0.9428571428571428,Básico
710,PumpkabooSuper Size,Ghost,Grass,335,59,66,70,44,55,41,6,False,0,-1.3682183622943516,-0.6447980172200622,0.9428571428571428,Básico
711,GourgeistAverage Size,Ghost,Grass,494,65,90,122,58,75,84,6,False,3,0.6703468597616045,-0.7566509130467243,0.7377049180327869,Murallas Eternas
711,GourgeistSmall Size,Ghost,Grass,494,55,85,122,58,75,99,6,False,1,0.6231048849764934,-0.37997650146620726,0.6967213114754098,Relámpagos Letales
711,GourgeistLarge Size,Ghost,Grass,494,75,95,122,58,75,69,6,False,3,0.7175888345467154,-1.1333253246272412,0.7786885245901639,Murallas Eternas
711,GourgeistSuper Size,Ghost,Grass,494,85,100,122,58,75,54,6,False,3,0.7648308093318266,-1.5099997362077582,0.819672131147541,Murallas Eternas
712,Bergmite,Ice,,304,55,69,85,32,35,28,6,False,0,-1.8541126909233208,-1.1724091318375482,0.8117647058823529,Básico
713,Avalugg,Ice,,514,95,117,184,44,46,28,6,False,3,0.9077334671470599,-3.267881333793491,0.6358695652173914,Murallas Eternas
714,Noibat,Flying,Dragon,245,40,30,35,45,40,55,6,False,0,-2.6207852203783326,0.5719597115377438,0.8571428571428571,Básico
715,Noivern,Flying,Dragon,535,85,70,80,97,80,123,6,False,1,1.291161744671086,1.2359020933234415,0.875,Relámpagos Letales
716,Xerneas,Fairy,,680,126,131,95,131,98,99,6,True,2,3.4071325885416943,0.4295743947072083,1.3789473684210527,Élite Inalcanzable
717,Yveltal,Dark,Flying,680,126,131,95,131,98,99,6,True,2,3.4071325885416943,0.4295743947072083,1.3789473684210527,Élite Inalcanzable
718,Zygarde50% Forme,Dragon,Ground,600,108,100,121,81,95,95,6,True,2,2.22222763861455,-0.5797278589716054,0.8264462809917356,Élite Inalcanzable
719,Diancie,Rock,Fairy,600,50,100,150,100,150,50,6,True,3,2.30752106805777,-2.30318679939782,0.6666666666666666,Murallas Eternas
719,DiancieMega Diancie,Rock,Fairy,700,50,160,110,160,110,110,6,True,2,3.5397716991068355,0.8110126128242039,1.4545454545454546,Élite Inalcanzable
720,HoopaHoopa Confined,Psychic,Ghost,600,80,110,60,150,130,70,6,True,2,2.458216260098691,0.515881584531016,1.8333333333333333,Élite Inalcanzable
720,HoopaHoopa Unbound,Psychic,Dark,680,80,160,60,170,130,80,6,True,2,3.5303971009875643,0.9510651586771489,2.6666666666666665,Élite Inalcanzable
721,Volcanion,Fire,Water,600,80,110,120,130,90,70,6,True,2,2.2337862896111105,-0.5376298502628429,0.9166666666666666,Élite Inalcanzable
